RYM Album, First Name,Last Name,First Name localized, Last Name localized,Title,Release_Date,Rating,Ownership,Purchase Date,Media Type
"8789962","","거북이","","Turtles","Go! Boogie!","2001","7","n","",""
"12735889","","이윤정","","Lee Yoon-jung","進化","1997","9","n","",""
"149838","","이정현","","Lee Jung Hyun","Let's Go to My Star","1999","6","n","",""
"1866172","","이정현","","Lee Jung Hyun","Magic to Go to My Star","2001","6","n","",""
"15965301","","파란노을","","Parannoul","Sky Hundred","2024","6","n","",""
"14254132","","야야 킴","","YAYA Kim","a.k.a YAYA","2022","6","n","",""
"10568437","","0edit","","","TGR Fuel","2019","5","n","",""
"15010958","","1000 Eyes &amp; Cicada Sirens","","","Signalis","2022","7","n","",""
"14297338","","✿ 111loggedin // xxenaa ♡","","","✿ 12:12trance.Wav ✿","2021","7","n","",""
"15663231","","✿ 111loggedin // xxenaa ♡","","","IXxuSmw2HFNWXLUyJFO7xKIT3E7diFUSa86wgFiMI413xtfZga5hClZ / AgdzP33dhpj+0qc1d5sK2jyH5EqK6g==","2024","7","n","",""
"3778407","","17th Boulevard","","","C.A.T.H.Y","2011","7","n","",""
"15562952","","2 0 2 1","","","Like a Paper Plane","2023","5","o","",""
"7506531","","2814","","","Rain Temple","2016","7","o","",""
"6164775","","2814","","","新しい日の誕生","2015","6","o","",""
"49558","","2 Lone Swordsmen","","","Stay Down","1998","7","n","",""
"14877277","","2shanez","","","BURNING PLASTIC #R34L3M😢(TENEBRIXX XXILVAM MIX)","2021","3","n","",""
"115619","","4 Hero","","","Parallel Universe","1994","0","o","","MP3"
"11192002","","4 позиции Бруно","","4 Pozitsii Bruno","Сакральный движ","2020","6","n","",""
"15960917","","5l33p","","","Kind of Affection","","7","n","",""
"12588751","","7777 の天使","","7777 Angels","Seven Angels","2021","6","o","",""
"15247807","","8485","","","Scribbles","2023","9","n","",""
"11780446","","8Dawn","","","Derailed","2012","6","n","",""
"15957280","","8Dawn","","","The Dawn","","6","n","",""
"11220904","","A.A.L.","","","I Never Dream","2015","8","o","",""
"13516504","","Abandoned","","","Out of the Grave","2021","8","o","",""
"19377","","ABBA","","","ABBA","1975","6","n","",""
"531410","","Above &amp; Beyond","","","Tri-State","2006","6","o","",""
"15209062","","ABRA","","","FKA Mess","2023","6","n","",""
"11847749","","Abyss X","","","Animosity (SOPHIE Remix)","2020","4","n","",""
"4018644","","Acro Jazz Laboratories","","","Acro Jazz One","2012","7","n","",""
"15482024","P.T.","Adamczyk &amp; Jacek Paciorkowski","","","Cyberpunk 2077: Phantom Liberty (Original Score)","2023","6","n","",""
"1189049","","Adele","","","19","2008","6","o","","MP3"
"13972687","","ADULT.","","","Becoming Undone","2022","4","n","",""
"12050157","","Aero Gros M","","","B A D M I ₦ T O N // ★ ⚢ ★","2020","4","n","",""
"12862036","","Aero Gros M","","","Tu novio es una telaraña","2021","8","n","",""
"11547830","","AeronMusic","","","Essentials","2015","6","n","",""
"15815105","","aespa","","","Supernova","2024","6","n","",""
"8998702","","Against All Logic","","","2012 - 2017","2018","7","n","",""
"471234","","Agalloch","","","Ashes Against the Grain","2006","7","o","",""
"12080267","Sophus Alf","Agerbæk-Larsen","","","Deep Rock Galactic: Volume II","2020","0","n","",""
"13624197","","a-ha","","","Take On Me","1985","6","n","",""
"14746022","","A Himitsu","","","A Himitsu","2015","9","n","",""
"14745963","","A Himitsu","","","Icy Vindur","2015","9","n","",""
"14745967","","A Himitsu","","","Lost Within","2014","9","n","",""
"15204697","","Aho Ssan","","","Rhizomes","2023","6","n","",""
"9750074","","Aimer","","","I Beg You / 花びらたちのマーチ (Hanabiratachi no March) / Sailing","2019","8","n","",""
"15190719","","Aiobahn, KOTOKO &amp; にゃるら","","Aiobahn, KOTOKO &amp; Nyalra","INTERNET YAMERO","2023","5","n","",""
"14822211","","AJ DiSpirito","","","Meta Runner","2019","6","n","",""
"14822217","","AJ DiSpirito","","","Meta Runner Season 2","2021","6","n","",""
"10091102","","AJR","","","Neotheater","2019","4","n","",""
"8348757","","AJR","","","The Click","2017","1","n","",""
"315740","","Akon","","","Lonely","2005","6","n","",""
"8674835","","AL-90","","","АРХВ","2017","8","n","",""
"4610977","","Alberich","","","Machine Gun Nest: Cassette Works Volume 0","2013","7","o","",""
"3505290","","Alberich","","","NATO-Uniformen","2010","7","o","",""
"9495190","","Alberich","","","NATO-Uniformen Edit","2018","0","n","",""
"16163091","","Alberich","","","NATO-Uniformen Edit","","5","n","",""
"9163341","","Alberich","","","Precursor","2018","7","n","",""
"9995773","","Alberich","","","Quantized Angel","2019","6","n","",""
"15326975","","ALEPH","","","Sepulchre","2023","5","n","",""
"8370981","","ALEX &amp; Tokyo Rose","","","Akuma","2017","5","n","",""
"15884388","","Alex DL","","","Rite of Passage II","2024","8","n","",""
"4594304","","Alias Conrad Coldwood","","","OFF","2008","7","n","",""
"387643","","Alice Deejay","","","Better Off Alone","1998","5","n","",""
"15911027","","Alivvve","","","Dark City","","9","n","",""
"13979759","","Alkaline Pink","","","✦P!!NK~~tap3_ULTRA///Hxd16000✦","2021","5","n","",""
"15487593","","Allie X","","","Black Eye","2023","8","n","",""
"15551574","","Allie X","","","Girl With No Face","2023","5","n","",""
"15553970","","Allie X","","","Girl With No Face","2024","5","n","",""
"15639834","","Allie X","","","Off With Her Tits","2024","3","n","",""
"15700986","","Allie X","","","Weird World","2024","6","n","",""
"9707468","","ALT 236","","","Leviathan","2018","7","n","",""
"15316721","","amaii","","","in the eleventh hour","2023","4","o","",""
"13809675","","amaii","","","Sudyumna","2021","8","o","",""
"991352","","Ami Suzuki Joins Yasutaka Nakata (Capsule)","","","Free Free / Super Music Maker","2007","8","o","",""
"6261609","","Amnesia Scanner","","","Angels Rig Hook","2015","5","n","",""
"156358","","Amplifier","","","Amplifier","2004","6","o","",""
"4358147","","Anamanaguchi","","","Endless Fantasy","2013","5","n","",""
"3063893","","Anamanaguchi","","","Scott Pilgrim vs. the World: The Game","2010","4","n","",""
"9576110","","Ancient Methods","","","The Jericho Records","2018","0","n","",""
"666068","","And One","","","Bodypop","2006","7","n","",""
"12194697","Ken","Andrews","","","What's Coming","2020","6","n","",""
"1757850","Kyle","Andrews","","","Real Blasty","2008","0","n","",""
"1616300","","Andy + The Lamboy vs. Dreamgate","","","Now We Are Free (Theme From Gladiator)","2001","7","o","",""
"689577","The","Angelic Process","","","We All Die Laughing","2006","7","n","",""
"14915511","","Angst Sessions","","","Fickor av Mörker","2022","7","n","",""
"2064536","","Animal Collective","","","My Girls","2009","5","o","",""
"5250283","","Animals as Leaders","","","The Joy of Motion","2014","5","n","",""
"10817642","Rosa","Anschütz","","","RR4","2019","5","n","",""
"8701560","","Ansome","","","British Steel","2017","6","o","",""
"10738354","","Ansome","","","Hounds of the Harbour","2019","2","o","",""
"5810932","","Ansome","","","Penny &amp; Pound EP","2014","5","o","",""
"7279419","","Ansome","","","Stowaway","2016","5","o","",""
"14138175","","Anthony1","","","!!!","2021","6","n","",""
"12586881","","Anthony1","","","???","2021","9","n","",""
"11948188","","Anthony1","","","Amplified Ascension","2020","2","n","",""
"12076516","","Anthony1","","","Body and Soul","2020","4","n","",""
"11615569","","Anthony1","","","DanceDanceRamadan-Stage40Kpbs","2020","6","n","",""
"10828391","","Anthony1","","","暴力","2019","5","n","",""
"12347967","","Anthony1 / Exodia / Sienna Sleep","","","Ateriavia","2020","9","o","","MP3"
"5145053","","AOA","","","짧은 치마","2014","8","n","",""
"14499479","","AOA","","","짧은 치마 (Miniskirt)","2014","6","n","",""
"7389524","","Apathy","","","Handshakes With Snakes","2016","6","n","",""
"4151546","","Aperture Science Psychoacoustic Laboratories","","","Portal 2 Soundtrack: Songs to Test By","2012","8","n","",""
"15913962","","Aphex Twin","","","#19","2024","8","n","",""
"254730","","Aphex Twin","","","Analord 10","2005","5","n","",""
"9455316","","Aphex Twin","","","Collapse EP","2018","5","n","",""
"13625195","","Aphex Twin","","","Come to Daddy","1997","7","n","",""
"9411","","Aphex Twin","","","...I Care Because You Do","1995","6","n","",""
"5053","","Aphex Twin","","","Richard D. James Album","1996","5","n","",""
"2590","","Aphex Twin","","","Selected Ambient Works 85-92","1992","6","n","",""
"8797","","Aphex Twin","","","Selected Ambient Works Volume II","1994","6","n","",""
"131265","","Apoptygma Berzerk","","","Kathy's Song (Come Lie Next to Me)","2000","8","n","",""
"75345","","Apoptygma Berzerk","","","Suffer in Silence","2002","7","n","",""
"12227","","Apoptygma Berzerk","","","Welcome to Earth","2000","6","n","",""
"396464","","Apoptygma Berzerk","","","You and Me Against the World","2005","5","n","",""
"304037","Fiona","Apple","","","Limp","2000","5","n","",""
"5465227","","Approaching Nirvana","","","Blocking the Sky","2012","6","n","",""
"5465332","","Approaching Nirvana","","","Evolve","2012","7","n","",""
"15981941","","araabMUZIK","","","AGGRO DR1FT","2024","8","n","",""
"4663386","","Arca","","","&amp;&amp;&amp;&amp;&amp;","2013","6","n","",""
"8199147","","Arca","","","Desafío","2017","8","n","",""
"6657716","","Arca","","","Mutant","2015","7","n","",""
"5827482","","Arca","","","Xen","2014","7","n","",""
"313608","","Arcade Fire","","","Neighborhood #3 (Power Out)","2005","5","n","",""
"3903046","","Arcade Fire","","","Sprawl II (Mountains Beyond Mountains) / Ready to Start","2012","7","n","",""
"14968425","","Arizmenda","","","Spiders Lust in the Dungeon's Dust","2022","0","o","","MP3"
"15188780","","Arkana","","","Beyond the Void","2014","5","n","",""
"15216529","","Arkana","","","Ein Sof","2018","8","n","",""
"15982554","","Arkana","","","Vita Mortis","","7","n","",""
"15780303","","Armand Hammer","","","Doves","2024","8","n","",""
"13611","Craig","Armstrong","","","Plunkett &amp; Macleane","1999","7","o","","MP3"
"10503291","","Arnór Dan","","","Stone by Stone","2018","9","n","",""
"15599721","Caleb","Arredondo","","","Echo Sax","2023","7","n","",""
"15922143","Caleb","Arredondo","","","Echo Sax End","2024","9","n","",""
"11680731","","Artonoise","","","Delivered by Fate","2020","9","n","",""
"15903661","","Artonoise","","","Subtle Dissonance","","9","n","",""
"50327","","Assemblage 23","","","Defiance","2002","7","n","",""
"50326","","Assemblage 23","","","Failure","2001","5","n","",""
"770042","","Assemblage 23","","","Meta","2007","6","n","",""
"186452","","Assemblage 23","","","Storm","2004","8","n","",""
"109151","","Astral Projection","","","Another World","1999","7","o","",""
"869241","","Astral Projection","","","Mahadeva","1996","7","n","",""
"12077209","","Astral Projection","","","Nilaya / Solid Electronics","1999","0","n","",""
"12153890","","Astrophysics","","","Apathy","2020","6","o","",""
"16158334","","Astrophysics","","","Cute and Sad","","9","n","",""
"13491638","","Astrophysics","","","Cute Tragedies","2021","7","o","",""
"15222422","","Astrophysics","","","Fishnets","2020","6","n","",""
"14996085","","Astrophysics","","","Hope Left Me","2022","5","n","",""
"14852944","","Astrophysics","","","Selected &amp; Tragic","2022","5","n","",""
"14192751","","Astrophysics","","","You're Killing Me","2022","6","n","",""
"1973179","","Asura","","","360","2010","8","n","",""
"16396464","","ASVMR","","","VOID SUN","2025","7","n","",""
"15072827","Mike","Ault","","","Memories","2022","6","n","",""
"15075895","Mike","Ault","","","Memories, Vol. 2","2022","6","n","",""
"6980369","Mike","Ault","","","Rocket League Official Game Soundtrack","2015","6","n","",""
"2880477","","Aural Vampire","","","Zoltank","2010","5","n","",""
"10328882","","AURORA","","","A Different Kind of Human","2019","5","n","",""
"6990746","","AURORA","","","All My Demons Greeting Me as a Friend","2016","6","n","",""
"9599693","","AURORA","","","Infections of a Different Kind (Step I)","2018","5","n","",""
"6407631","","AURORA","","","Running With the Wolves","2015","6","n","",""
"3252438","","Austra","","","Beat and the Pulse","2010","5","n","",""
"11336482","","Autechre","","","AE_Live 2016/2018","2020","7","n","",""
"3825","","Autechre","","","Amber","1994","7","n","",""
"21176","","Autechre","","","Anvil Vapre","1995","6","n","",""
"3838","","Autechre","","","Autechre [LP5]","1998","5","o","",""
"3831","","Autechre","","","Chiastic Slide","1997","6","n","",""
"3841","","Autechre","","","Confield","2001","6","n","",""
"7409586","","Autechre","","","elseq 4","2016","7","n","",""
"4312120","","Autechre","","","Exai","2013","6","n","",""
"34110","","Autechre","","","Garbage","1995","7","n","",""
"125809","","Autechre","","","Tri repetae","1995","7","o","",""
"9463252","","Author &amp; Punisher","","","Beastland","2018","6","n","",""
"3412749","","Author &amp; Punisher","","","Drone Machines","2010","6","n","",""
"3985902","","Author &amp; Punisher","","","Ursus Americanus","2012","0","o","","MP3"
"272748","The","Avalanches","","","Since I Left You","2001","2","n","",""
"4712010","Daniel","Avery","","","Drone Logic","2013","5","n","",""
"14755900","Daniel","Avery","","","Ultra Truth","2022","6","n","",""
"4820695","","Avicii","","","True","2013","7","n","",""
"15996101","","A-Vox","","","Full of Lies","","8","n","",""
"15565614","","Avril &amp; Monthaye","","","Mars Express","2023","7","n","",""
"4062190","","AVTechNO!","","","DYE","2010","9","n","",""
"3474222","","Awolnation","","","Sail","2010","4","n","",""
"15787220","Rameses","B","","","Cybernetic","2024","6","n","",""
"15201798","","Baby Tate &amp; Saweetie","","","Hey, Mickey!","2023","5","n","",""
"12991257","","Backxwash","","","I Lie Here Buried With My Rings and My Dresses","2021","7","n","",""
"8313423","Angelo","Badalamenti","","","Twin Peaks: Limited Event Series Soundtrack","2017","6","n","",""
"56928","","Bad Company UK","","","Inside the Machine","2000","6","n","",""
"14651901","","Badliz","","","The Great Strategy","2019","8","n","",""
"15666988","","Bad Omens &amp; Poppy","","","V.A.N","2024","7","n","",""
"11393874","","Badsista","","","FACT Mix 754","2020","4","n","",""
"16150438","","BADSOI","","","Halo CE but its Lofi beats to study to","","9","n","",""
"1132465","Kelly","Bailey","","","Half-Life","1998","7","n","",""
"8066915","Kelly","Bailey","","","Half-Life 2","2014","7","o","",""
"1132393","Kelly","Bailey","","","Half-Life 2","2004","7","n","",""
"8066929","Kelly","Bailey","","","Half-Life 2: Episode One","2014","8","n","",""
"1132526","Kelly","Bailey","","","Half-Life 2: Episode Two","2007","8","n","",""
"8066948","Kelly","Bailey","","","Half-Life 2: Episode Two","2014","7","n","",""
"5348641","Kelly","Bailey","","","Half-Life 2: Episode Two","2007","8","o","",""
"208292","","Bangles / Joan Jett &amp; The Blackhearts","","","Hazy Shade of Winter / She Lost You","1987","8","n","",""
"13852239","Azealia","Banks","","","Tarantula","2021","5","n","",""
"3174019","Danny","Baranowsky","","","Super Meat Boy!","2010","5","n","",""
"628424","","Basic Channel","","","Phylyps Trak","1993","6","o","","MP3"
"295503","","Basic Channel","","","Q 1.1","1993","6","n","",""
"628440","","Basic Channel","","","Quadrant Dub","1994","7","n","",""
"15818399","","Bassvictim","","","Basspunk","2024","7","n","",""
"2069791","Tyler","Bates","","","Watchmen","2009","5","n","",""
"5884228","Tyler","Bates &amp; Joel J. Richard","","","John Wick","2014","6","n","",""
"8039559","Tyler","Bates &amp; Joel J. Richard","","","John Wick: Chapter 2","2017","6","n","",""
"10179833","Tyler","Bates &amp; Joel J. Richard","","","John Wick: Chapter 3 - Parabellum","2019","5","n","",""
"15198430","Tyler","Bates &amp; Joel J. Richard","","","John Wick: Chapter 4","2023","6","o","",""
"9219211","","Beach House","","","Black Car","2018","6","n","",""
"3904831","","Beach House","","","Myth","2012","6","n","",""
"12205441","Jazmin","Bean","","","Worldwide Torture","2020","5","n","",""
"16012697","","beansclub","","","TRANSIENT FLEETING MEMOIRS","2024","7","n","",""
"16038212","","BeatBrothers","","","Fight","","6","n","",""
"12","The","Beatles","","","Abbey Road","1969","5","n","",""
"10692887","The","Beatles","","","Come Together","2019","5","n","",""
"206","The","Beatles","","","Revolver","1966","5","n","",""
"16","The","Beatles","","","Sgt. Pepper's Lonely Hearts Club Band","1967","5","n","",""
"13124426","","bela","","","Guidelines","2021","3","n","",""
"31775","","Bentley Rhythm Ace","","","Bentley Rhythm Ace","1997","5","n","",""
"5889884","Thomas","Bergersen","","","Sun","2014","7","n","",""
"8717623","Eraldo","Bernocchi and Shinkiro","","","In Praise of Shadows","2016","6","n","",""
"7344962","","Beyoncé","","","Lemonade","2016","5","o","",""
"3182518","","Big Black","","","Kerosene / Il Duce","1992","6","n","",""
"2978405","The","Birthday Massacre","","","Pins and Needles","2010","5","n","",""
"1593282","The","Birthday Massacre","","","Red Stars","2007","6","n","",""
"591877","The","Birthday Massacre","","","Violet","2004","7","n","",""
"71531","","Björk","","","Army of Me","1995","5","n","",""
"13624114","","Björk","","","Army of Me","1995","6","n","",""
"65052","","Björk","","","Bachelorette","1997","3","n","",""
"71533","","Björk","","","Big Time Sensuality","1993","4","o","",""
"876952","","Björk","","","Declare Independence","2007","8","n","",""
"14932883","","Björk","","","Fossora","2022","2","n","",""
"882","","Björk","","","Homogenic","1997","5","o","",""
"132704","","Björk","","","Hunter","1998","4","o","",""
"132696","","Björk","","","Hyper-Ballad","1996","4","o","",""
"680058","","Björk","","","Jóga","1997","4","o","",""
"680061","","Björk","","","Jóga","1997","5","n","",""
"880","","Björk","","","Post","1995","3","o","",""
"3239696","","Björk","","","Un titre de l'album Vespertine [Unison]","2001","2","n","",""
"2438","","Björk","","","Vespertine","2001","3","o","",""
"9669878","","Blackbriar","","","We'd Rather Burn","2018","8","n","",""
"9768665","","Black Dresses","","","CRUSH","2018","5","n","",""
"10259265","","Black Dresses","","","Dreams Come True 2019","2019","5","n","",""
"14903414","","Black Dresses","","","Kill All Your Friends","2022","5","n","",""
"1919232","","Black Rain","","","1.0","1995","6","n","",""
"2277","","Black Sabbath","","","Master of Reality","1971","4","n","",""
"2276","","Black Sabbath","","","Paranoid","1970","4","o","",""
"4149740","","Black Sun Empire","","","From the Shadows","2012","6","o","",""
"2336332","","Black Sun Empire","","","Hyper Sun / Cold Crysis","2009","6","o","",""
"690506","","Black Sun Empire vs Concord Dawn / Rawthang","","","The Sun / Epilogue","2002","6","n","",""
"13984039","","Bladee Presenting DJ Billybool &amp; Woesum","","","Royal Mix","2021","7","n","",""
"7555088","","Blanck Mass","","","D7-D5","2016","7","o","",""
"10343455","","Blanck Mass","","","House vs. House","2019","5","n","",""
"7980998","","Blanck Mass","","","World Eater","2017","5","n","",""
"4160400","","Blank Banshee","","","Blank Banshee 0","2012","5","n","",""
"2515797","Der","Blaue Reiter","","","Nuclear Sun - Chronicle of a Nuclear Disaster","2009","7","n","",""
"9370141","The","Blaze","","","Dancehall","2018","6","o","",""
"12877532","","bliss3three","","","!!!!!!bliss3three LIVE!!!!! [[[MECHAFEST]]]","2021","5","n","",""
"11532292","","bliss3three","","","C3L3STIAL天の","2020","6","o","",""
"10893304","","Bliss Inc.","","","Radiant Reality","2019","5","n","",""
"14795580","","Blksmiith","","","「DIGITAL TWIN」","2022","7","o","",""
"15398551","","Blood Abscission","","","I","2023","6","n","",""
"114122","","Blood Axis","","","The Gospel of Inhumanity","1995","4","n","",""
"15327852","","Blue Hawaii","","","Diamond Shovel","2024","5","n","",""
"2344536","","Blue Planet Corporation","","","A Blueprint For Survival","2009","7","n","",""
"128563","","Blue Planet Corporation","","","Blue Planet","1999","6","n","",""
"13424709","Dean","Blunt","","","The Narcissist","2012","6","n","",""
"457568","","Bôa","","","Duvet","1998","6","o","",""
"5687","","Boards of Canada","","","Geogaddi","2002","8","n","",""
"21207","","Boards of Canada","","","Hi Scores","1999","6","n","",""
"2591","","Boards of Canada","","","Music Has the Right to Children","1998","8","o","","MP3"
"720583","","Boards of Canada","","","Telephasic Workshop / Roygbiv","1998","6","n","",""
"4541338","","Boards of Canada","","","Tomorrow's Harvest","2013","7","n","",""
"27971","","Boards of Canada","","","Twoism","1995","7","n","",""
"15541299","The","Body &amp; Dis Fig","","","Orchards of a Futile Heaven","2024","6","n","",""
"154384","Gaë","Bolg and the Church of Fand","","","La ballade de l'Ankou","2002","0","n","",""
"25450","","Bolt Thrower","","","...For Victory","1994","6","n","",""
"399795","","Bolt Thrower","","","Those Once Loyal","2005","4","n","",""
"397753","","Bon Jovi","","","Runaway / Love Lies","1984","7","n","",""
"4384807","","Bonobo","","","Cirrus","2013","8","n","",""
"2872733","","Boom Boom Satellites","","","To the Loveless","2010","5","n","",""
"15224973","","Boom Kitty","","","Old School Kitty, Vol. 3","2018","5","n","",""
"124756","","Boris","","","Boris at Last -Feedbacker-","2003","5","n","",""
"5384286","","Bossfight","","","Caps On, Hats Off","2012","7","n","",""
"8981319","","Bossfight","","","Nice Catch Biggy!","2011","5","n","",""
"13759194","Ezio","Bosso","","","And the Things That Remain","2016","9","n","",""
"15296127","Ezio","Bosso","","","Music For Weather Elements","2017","6","n","",""
"4418773","Lauren","Bousfield","","","Avalon Vales","2013","7","n","",""
"26163","David","Bowie","","","Best of Bowie","2002","7","n","",""
"6853748","David","Bowie","","","★ [Blackstar]","2016","6","n","",""
"13625989","David","Bowie","","","Blackstar","2015","6","n","",""
"6996895","David","Bowie","","","Lazarus","2015","7","o","",""
"4468433","David","Bowie","","","Pallas Athena","2010","8","n","",""
"71946","David","Bowie","","","Space Oddity / Wild Eyed Boy From Freecloud","1969","7","n","",""
"623","David","Bowie","","","The Rise and Fall of Ziggy Stardust and The Spiders From Mars","1972","7","o","",""
"8595236","","Boy Harsher","","","Country Girl","2017","7","n","",""
"8455086","","Boy Harsher","","","Motion","2017","8","n","",""
"23310","Glenn","Branca","","","The Ascension","1981","6","o","",""
"11341368","Phoebe","Bridgers","","","Kyoto","2020","5","n","",""
"12773569","Solace","Brimstone","","","S1L3NC3","2021","0","n","",""
"9943988","","Bring Me the Horizon","","","Nihilist Blues","2019","6","n","",""
"4233331","","Bring Me the Horizon","","","Sempiternal","2013","0","n","",""
"4377765","","Bring Me the Horizon","","","Shadow Moses","2013","8","n","",""
"217579","","British Murder Boys","","","Fist / Splinter","2004","6","o","",""
"341973","","Broadcast","","","Tender Buttons","2005","0","o","","MP3"
"10716899","","Broken Note","","","Exit the Void","2019","5","o","",""
"1721611","Eric","Brosius, Josh Randall &amp; Ramin Djawadi","","","System Shock 2","2007","7","n","",""
"4890390","","Bruderschaft","","","Return","2013","7","n","",""
"4659112","","BrunuhVille","","","The Eternal Forest","2011","7","n","",""
"14730149","","Brutalismus 3000","","","Eros Massacre","2022","7","n","",""
"12383338","","Brutalismus 3000","","","Liebe in Zeiten der Kola","2020","7","n","",""
"7448","","BT","","","Ima","1995","0","n","",""
"1090957","The","Bug","","","Skeng","2007","8","n","",""
"3723","","Buggles","","","The Age of Plastic","1980","7","n","",""
"15563223","","Bunny Mimi","","","Arsonist","2023","5","n","",""
"15787242","","Bunny Mimi","","","FALLINGFALLINGFALLINGFALLING","2024","8","n","",""
"15373227","","Bunny Mimi","","","little lost bunny girl!!","2023","6","n","",""
"15999641","","Bunny Mimi","","","WASTEWITCH","2024","7","n","",""
"2278797","","Burial","","","Archangel","2007","8","o","",""
"555192","","Burial","","","Burial","2006","8","n","",""
"10490582","","Burial","","","Ghost Hardware","2007","8","o","",""
"3776055","","Burial","","","Kindred EP","2012","8","o","",""
"5047468","","Burial","","","Rival Dealer","2013","8","o","",""
"612228","","Burial","","","South London Boroughs","2005","7","n","",""
"3398673","","Burial","","","Street Halo","2011","8","o","",""
"4294718","","Burial","","","Truant / Rough Sleeper","2012","7","n","",""
"1064977","","Burial","","","Untrue","2007","8","o","",""
"10484360","Lee","Burridge &amp; Lost Desert","","","Melt","2019","5","n","",""
"4014","","Burzum","","","Filosofem","1996","7","n","",""
"4012","","Burzum","","","Hvis lyset tar oss","1994","6","o","",""
"3137","Kate","Bush","","","Hounds of Love","1985","7","o","",""
"164560","Kate","Bush","","","Running Up That Hill / Under the Ivy","1985","8","o","",""
"4986488","","C418","","","Minecraft: Volume Beta","2013","8","n","",""
"14265017","","c678924","","","▁ ▂ ▄ ▅ ▆ ▇ █♫ ♪ ♫ █ ▇ ▆ ▅ ▄ ▂ ▁","2022","10","n","",""
"13347131","","c678924","","","678924","2021","3","o","","MP3"
"13647173","","c678924","","","asdfghjkl;","2021","6","n","",""
"15571855","","c678924","","","Divine:Analogue","2023","7","o","",""
"13462943","","c678924","","","¸,ø¤º°°º¤ø,¸ 2210221022102210221022102210(56KBPSMADNESS ¸,ø¤º°°º¤ø,¸","2021","6","n","",""
"13434799","","c678924","","","ondervoeding","2021","6","n","",""
"13827844","","c678924","","","YORH4 R4VE","2021","8","n","",""
"13531334","","c678924 / ✿ 111loggedin // xxenaa ♡","","","tdqw1txVviFwhUwxbF0KZxskVYF4qH","2021","8","n","",""
"16066765","","C.A.2K","","","Russian Roulette Ep Part 1","","8","n","",""
"655503","","Cabaret Voltaire","","","2x45","1982","3","n","",""
"261307","","Cabaret Voltaire","","","Yashar","1983","5","n","",""
"524807","Roberto","Cacciapaglia","","","Incontri con l'anima","2005","7","n","",""
"1161870","Roberto","Cacciapaglia","","","Quarto tempo","2007","7","n","",""
"10133656","Roberto","Cacciapaglia &amp; Royal Philharmonic Orchestra","","","Diapason","2019","6","n","",""
"7427035","Roberto","Cacciapaglia / Royal Philharmonic Orchestra","","","Tree of Life","2015","7","n","",""
"10695071","","Cacola","","","The Angel, The Demon,","2019","6","n","",""
"14534085","Ethel","Cain","","","Preacher's Daughter","2022","0","n","",""
"1000372","","Caithness","","","The Knell of Mourning","2001","0","n","",""
"4323139","","Caladan Brood","","","Echoes of Battle","2013","6","n","",""
"2306365","","Candy Claws","","","Two Airships / Exploder Falls","2008","6","n","",""
"595126","","Captain Ahab","","","After the Rain My Heart Still Dreams","2006","5","n","",""
"232701","","Carbon Based Lifeforms","","","Hydroponic Garden","2003","7","n","",""
"731247","","Carbon Based Lifeforms","","","World of Sleepers","2006","7","n","",""
"3177394","","Carbon Carousel","","","The Some of All Things Or: The Healing Power of Scab Picking","2006","5","n","",""
"11503626","","Carpenter Brut","","","Maniac","2020","5","n","",""
"6159696","","Carpenter Brut","","","Trilogy","2015","5","n","",""
"9484780","John","Carpenter, Cody Carpenter &amp; Daniel Davies","","","Halloween","2018","7","n","",""
"156539","The","Cars","","","You Might Think / Heartbeat City","1984","7","n","",""
"14951601","Karl","Casey","","","Dark Synthwave Collection Vol. 2","2020","6","o","",""
"14951611","Karl","Casey","","","Overdose of Misery","2020","7","n","",""
"15628776","Karl","Casey","","","White Bat 31","2024","5","n","",""
"15008947","Karl","Casey","","","White Bat VII","2022","5","o","",""
"133192","","Casino Versus Japan","","","Hitori + Kaiso 1998-2001","2004","6","n","",""
"15210742","Le","Castle Vania","","","Himmel und Hölle (From John Wick: Chapter 4)","2023","8","n","",""
"4173920","","Cats Millionaire","","","I'm So Sorry","2012","2","n","",""
"211469","Nick","Cave &amp; The Bad Seeds","","","The Mercy Seat / New Day","1988","7","n","",""
"724548","","Cello Octet Conjunto Ibérico / Elias Arizcuren","","","Glass Reflections","2006","6","n","",""
"578285","","Charlie","","","Spacer Woman","1983","4","n","",""
"10630837","","Charli XCX","","","2099","2019","5","n","",""
"15829200","","Charli XCX","","","360","2024","8","n","",""
"8453341","","Charli XCX","","","Boys","2017","8","n","",""
"15723703","","Charli XCX","","","Brat","2024","7","n","",""
"15901255","","Charli XCX","","","Brat and It's the Same but There's Three More Songs So It's Not","2024","7","n","",""
"8859313","","Charli XCX","","","Dreamer","2017","7","n","",""
"11341991","","Charli XCX","","","Forever","2020","8","n","",""
"13457013","","Charli XCX","","","Good Ones","2021","7","n","",""
"11332993","","Charli XCX","","","How I'm Feeling Now","2020","8","n","",""
"3714452","","Charli XCX","","","Nuclear Seasons","2011","6","n","",""
"7187169","","Charli XCX","","","Vroom Vroom EP","2016","6","n","",""
"15917143","","Charli XCX &amp; Lorde","","","The Girl, So Confusing Version With Lorde","2024","9","n","",""
"10828745","","Chat Pile","","","Remove Your Skin Please","2019","7","n","",""
"7335854","","Cheating Spouses Caught on Tape","","","Greatest Hits Vol. II","2016","6","n","",""
"563","The","Chemical Brothers","","","Dig Your Own Hole","1997","0","n","",""
"15971732","","Cheval de Trait","","","L'aube viendra","2024","6","n","",""
"1678449","","Chicane","","","Behind the Sun","2000","9","n","",""
"216057","","Chicane","","","Saltwater","1999","9","n","",""
"5931969","","Chief Keef","","","Back From the Dead 2","2014","4","n","",""
"8395800","","Chief Keef","","","Save Me","2014","8","n","",""
"15168530","","Chikoi the Maid","","","Small Maid in the Big World","2022","8","n","",""
"15810552","","Chikoi the Maid","","","Velocity","2024","5","n","",""
"15964702","Kenneth","Chou","","","Project Zomboid Remastered OST","","7","n","",""
"3791211","","Christian Cosmos","","","Enthronement by God as the First-Born of the Dead","2011","7","o","",""
"4190226","","Christian Cosmos","","","The Sharp Lines That Delineate His Robes","2012","8","n","",""
"4696239","Chris","Christodoulou","","","Risk of Rain","2013","6","n","",""
"4435853","Jamie","Christopherson","","","Metal Gear Rising: Revengeance Vocal Tracks","2013","7","n","",""
"9326416","","Chromatics","","","Looking for Love","2018","7","n","",""
"5434885","","Chrome Sparks","","","Goddess","2014","8","n","",""
"114389","","Chumbawamba","","","Tubthumping","1997","6","n","",""
"13626079","","이달의 소녀 / Chuu","","LOONA / Chuu","Heart Attack","2017","8","n","",""
"13174369","","CHVRCHES","","","How Not to Drown","2021","9","n","",""
"4188628","","CHVRCHES","","","Lies","2012","7","n","",""
"12986176","","CHVRCHES","","","Screen Violence","2021","6","n","",""
"16219096","","CIALYN","","","Calls to Ours Stations","2024","6","n","",""
"15712476","","Cindy Lee","","","Diamond Jubilee","2024","4","o","",""
"79119","","Circle of Dust","","","Brainchild","1994","6","n","",""
"15217233","George","Clanton","","","I Been Young","2023","6","n","",""
"625814","","Clark","","","Body Riddle","2006","6","n","",""
"5825250","","Clark","","","Clark","2014","5","o","",""
"5562","","Click Click","","","Rorschach Testing","1988","6","n","",""
"11698726","","CLIP","","","Sad B!tch","2020","8","o","",""
"10700095","","clipping.","","","Blood of the Fang","2019","3","n","",""
"16251500","","clipping.","","","Dead Channel Sky","2025","5","n","",""
"86328","","Clock DVA","","","Digital Soundtracks","1992","7","o","",""
"84899","","Clock DVA","","","Man-Amplified","1991","4","n","",""
"8204233","","Club Casualties","","","392 - 2509:Walk This Way","2015","6","n","",""
"10560","","Cocteau Twins","","","Aikea-Guinea","1985","5","n","",""
"1178","","Cocteau Twins","","","Blue Bell Knoll","1988","0","n","",""
"1174","","Cocteau Twins","","","Head Over Heels","1983","5","n","",""
"10561","","Cocteau Twins","","","Love's Easy Tears","1986","7","n","",""
"517297","","Cocteau Twins","","","Pearly-Dewdrops' Drops / Pepper-Tree","1984","8","n","",""
"6693903","","Coil","","","Backwards","2015","6","n","",""
"229389","","Coil","","","Black Antlers","2004","7","o","",""
"4235","","Coil","","","Musick to Play in the Dark","1999","7","n","",""
"4236","","Coil","","","Musick to Play in the Dark²","2000","6","n","",""
"442105","","Coil","","","The Ape of Naples","2005","6","o","",""
"1498973","","Coil","","","The New Backwards","2008","4","n","",""
"11644528","Roxie","Cola","","","Neon Heart","2020","6","n","",""
"5297600","","Coldplay","","","Ghost Stories","2014","5","n","",""
"1540316","","Coldplay","","","Viva la vida","2008","9","n","",""
"13690823","","Coldplay","","","Viva la Vida (Anton Corbijn Version)","2008","9","n","",""
"5992980","J.","Cole","","","2014 Forest Hills Drive","2014","6","n","",""
"15419","","Collide","","","Chasing the Ghost","2000","6","n","",""
"15996093","","Colombo","","","Station 21","2013","6","n","",""
"1900547","","Come to Dolly","","","Dolly Grip","2008","5","n","",""
"4052","","Comus","","","First Utterance","1971","5","n","",""
"118814","","Concord Dawn","","","Disturbance","2001","6","n","",""
"942215","","Con-Dom","","","The Eighth Pillar: A Confession of Faith","1991","5","n","",""
"4537724","Karol","Conka","","","Batuk Freak","2013","5","n","",""
"460020","","Constant Flux","","","All Things Change","2002","6","n","",""
"5067560","","Container","","","Adhesive EP","2014","5","n","",""
"13269637","","Container","","","Creamer","2021","5","n","",""
"1119266","","Converter","","","Shock Front","1999","6","o","",""
"15380383","A.G.","Cook","","","Beautiful (2023 Edit)","2023","6","n","",""
"2724551","","Cosmetics","","","Soft Skin / Black Leather Gloves","2010","5","n","",""
"128686","","Cosmosis","","","Contact","2002","5","n","",""
"2484028","","COTA","","","Terra-ist","1994","6","o","",""
"25120","","Covenant","","","Northern Light","2002","7","n","",""
"25118","","Covenant","","","Sequencer","1996","7","n","",""
"2899","","Covenant","","","United States of Mind","2000","6","o","",""
"1065037","Max","Coveri","","","Running in the 90's / Golden Age","1999","6","n","",""
"10100979","","Cowgirl Clue","","","Icebreaker","2019","7","n","",""
"15367640","","Cowgirl Clue","","","Rodeo Star","2023","10","n","",""
"15947664","","CPU Buddha","","","CPU Buddha","2024","5","n","",""
"110943","The","Cranberries","","","Zombie","1994","8","n","",""
"543237","","Cranes","","","Self-Non-Self","1989","4","n","",""
"155519","","Crash Course in Science","","","Signals From Pier Thirteen","1981","7","o","",""
"13895406","","Craspore","","","Asocial","2017","7","n","",""
"12622473","","Craspore","","","Crystal Waves","2015","9","n","",""
"14350171","","Craspore","","","Incarnation","2022","8","n","",""
"13895416","","Craspore","","","Posthuman","2018","7","n","",""
"11050838","","Craspore","","","Synth Porn","2016","6","n","",""
"12071909","","Crazy Astronaut","","","Crazy Astronaut","2018","4","n","",""
"307","","Creed","","","Human Clay","1999","6","o","",""
"4512618","","CRIM3S","","","Stay Ugly EP","2013","7","n","",""
"15954226","Efisio","Cross","","","Tears from Heaven","","6","n","",""
"16012239","","CRUCIAL","","","Endless (feat. Frailtix) [My Soldiers Rage Edit]","","8","n","",""
"140321","","Crustation with Bronagh Slevin","","","Bloom","1997","6","n","",""
"14811602","","Cryalot","","","Hell Is Here","2022","7","n","",""
"14809078","","Cryalot","","","Icarus","2022","6","n","",""
"3237260","","Crystal Castles","","","Baptism","2010","6","n","",""
"3919318","","Crystal Castles","","","Celestica","2010","6","n","",""
"1185583","","Crystal Castles","","","Crystal Castles","2008","6","o","",""
"2855944","","Crystal Castles","","","Crystal Castles (II)","2010","6","n","",""
"3173381","","Crystal Castles","","","Not in Love","2010","7","o","",""
"4385682","","Crystal Castles","","","Sad Eyes","2013","6","n","",""
"1137688","","Crystal Castles vs. HEALTH / Crystal Castles","","","Crimewave / XxzxcuZx Me","2007","0","o","","MP3"
"5739883","","Crywolf","","","Angels","2014","7","n","",""
"15321986","","CTRLFR33K","","","Serenixima","2023","5","n","",""
"4204341","","Cult of Luna","","","Vertikal","2013","6","n","",""
"324","The","Cure","","","Disintegration","1989","6","n","",""
"4078","","Current 93","","","I Have a Special Plan for This World","2000","8","n","",""
"15392606","","Current Value","","","Beneath the Sonics","2023","7","n","",""
"2823654","","Current Value","","","Mothman / Evac","2010","8","o","",""
"14675819","","Current Value","","","Platinum Scatter","2022","5","n","",""
"3494125","","Current Value","","","Revealing the Concealed","2007","6","o","",""
"12144360","","Current Value","","","The All Attracting","2021","6","n","",""
"1090500","","Current Value","","","The Edge of the Cliff / Dark Rain","2006","9","o","",""
"27224","","Curve","","","Cuckoo","1993","5","n","",""
"19434","","Curve","","","Gift","2001","5","n","",""
"16162345","","Cvllum カルム","","","Light","","7","n","",""
"3271286","","Cybernetika","","","Atropos","2009","7","n","",""
"3664742","","Cybernetika","","","Colossus","2011","5","n","",""
"3122611","","Cybernetika","","","Neural Network Expansion","2007","7","n","",""
"16283680","","Cynthoni","","","Draining Love Story (In the Eyes of Cynthoni)","2025","5","n","",""
"9928016","","Cytochrome C","","","Un arbre en lévitation","1998","5","n","",""
"14114598","","C.Z.","","","Heat Index","2021","4","n","",""
"340216","Gigi","D'Agostino","","","L'amour toujours","2001","6","o","",""
"4662","","Daft Punk","","","Aerodynamic","2001","6","n","",""
"964599","","Daft Punk","","","Alive 2007","2007","7","n","",""
"76289","","Daft Punk","","","Around the World","1997","6","n","",""
"124845","","Daft Punk","","","Digital Love","2001","7","n","",""
"2863","","Daft Punk","","","Discovery","2001","7","n","",""
"3487356","","Daft Punk","","","Face to Face","2003","6","n","",""
"214162","","Daft Punk","","","Harder, Better, Faster, Stronger","2001","5","n","",""
"1092259","","Daft Punk","","","Harder Better Faster Stronger (Alive 2007)","2007","6","n","",""
"5055882","","Daft Punk","","","Instant Crush","2013","8","n","",""
"162152","","Daft Punk","","","One More Time","2000","5","n","",""
"4481457","","Daft Punk","","","Random Access Memories","2013","8","n","",""
"15944333","","Dame Area","","","Toda la verdad sobre Dame Area","2024","5","n","",""
"15926984","","Dance Club","","","Best of Dance Club, Vol. 1 (50 Hands Up, Techno &amp; Electro Tunes) [feat. Kate Lesing]","","6","n","",""
"15927005","","Dance Club","","","Health &amp; Fitness Dance","","6","n","",""
"5139959","","Dance With the Dead","","","Out of Body","2013","5","n","",""
"11031642","","Danheim","","","Berserkir","2017","6","n","",""
"9093925","","Danheim","","","Herja","2018","6","n","",""
"8731366","","Danheim","","","War of the North","2017","6","n","",""
"15901783","","danjerr","","","Moments","2023","8","n","",""
"15370036","","Dankton &amp; Notorious P.A.T","","","KFC","2023","7","n","",""
"11152755","","Dardust","","","S.A.D. Storm and Drugs","2020","6","n","",""
"13451064","","Darius + Rotteen","","","MORE ADVENTURES ~The Forever Fieldtrip~","2021","4","n","",""
"8816259","","Dark Buddha Rising","","","II","2018","6","n","",""
"5927174","","DARKPYRAMID","","","A Heart Full of Love","2014","9","n","",""
"335140","","Darkspace","","","Dark Space I","2003","7","n","",""
"1406397","","Darkspace","","","Dark Space III","2008","7","o","",""
"5728005","","Darkspace","","","Dark Space III I","2014","7","o","",""
"20435","","Darude","","","Before the Storm","2001","7","o","",""
"357892","","Darude","","","Feel the Beat","2000","8","n","",""
"150824","","Darude","","","Sandstorm","1999","8","n","",""
"9486927","","Daughters","","","You Won't Get What You Want","2018","5","o","",""
"4430145","Tom","Day","","","Crossroads","2012","8","n","",""
"661816","","Dead Can Dance","","","Within the Realm of a Dying Sun","1987","8","n","",""
"7603474","","Dead Cowboy","","","Lamia","2016","7","n","",""
"5559070","","deadmau5","","","Seeya","2014","6","n","",""
"2718892","","deadmau5","","","Strobe","2009","4","n","",""
"2267524","","deadmau5 + Kaskade","","","I Remember","2008","6","o","",""
"9159905","","Deafheaven","","","Dream House","2013","5","o","",""
"14864079","","death's dynamic shroud","","","Darklife","2022","6","n","",""
"16065389","","death's dynamic shroud","","","Everything Is Easy!","2024","7","n","",""
"14863566","","death's dynamic shroud","","","Fall for Me","2022","7","n","",""
"14249823","","death's dynamic shroud","","","Judgment Bolt","2022","2","n","",""
"14800297","","death's dynamic shroud","","","Messe de E-102","2022","7","n","",""
"14660927","","death's dynamic shroud","","","Neon Memories","2022","7","o","",""
"15435228","","death's dynamic shroud","","","What? to Be Human","2023","7","n","",""
"13056941","","death's dynamic shroud.wmv","","","너 땜에 맘이 맘이 맘이 맘이 괴로워요","2015","4","n","",""
"13898025","","death's dynamic shroud.wmv","","","Faith in Persona","2021","7","o","",""
"6473814","","death's dynamic shroud.wmv","","","I'll Try Living Like This","2015","7","o","",""
"14727181","","death's dynamic shroud.wmv","","","Transcendence Bot","2022","6","o","",""
"1292981","","Death Cab for Cutie","","","Narrow Stairs","2008","5","n","",""
"3892419","","Death Grips","","","Get Got","2012","8","n","",""
"6884400","","Death Grips","","","I've Seen Footage","2012","6","n","",""
"6320882","","Death Grips","","","Inanimate Sensation","2015","2","o","",""
"3892102","","Death Grips","","","The Money Store","2012","6","n","",""
"10636609","","Death Kneel","","","Adaptive Emotional Use","2019","7","n","",""
"14052556","","Deathmachine","","","Mutability","2021","5","o","",""
"111708","Christoph","de Babalon","","","If You're Into It, I'm Out of It","1997","7","n","",""
"138782","","Deftones","","","My Own Summer (Shove It)","1998","5","n","",""
"15768531","","Dëgénéréscence","","","كاديمية القمر الكيميائي","2024","4","n","",""
"15143863","Lana","Del Rey","","","A&amp;W","2023","6","n","",""
"3719638","Lana","Del Rey","","","Born to Die","2012","5","n","",""
"3594991","Lana","Del Rey","","","Video Games","2011","2","n","",""
"11107788","Daniel","Deluxe","","","Darkness","2014","7","n","",""
"8899075","","Denied","","","Together As None","1998","5","o","","MP3"
"257903","","Depeche Mode","","","A Question of Time / Black Celebration","1986","5","n","",""
"49405","","Depeche Mode","","","Enjoy the Silence / Memphisto","1990","7","o","",""
"413190","","Depeche Mode","","","Music for the Masses","1987","8","n","",""
"48625","","Depeche Mode","","","Never Let Me Down Again / Pleasure, Little Treasure.","1987","7","n","",""
"179405","","Depeche Mode","","","Policy of Truth / Kaleid","1990","8","n","",""
"33540","","Depeche Mode","","","Walking in My Shoes","1993","10","n","",""
"3360383","","Depressive Silence","","","Depressive Silence [II]","1996","7","n","",""
"652895","","Dernière Volonté","","","Devant le miroir","2006","6","n","",""
"800803","","Dernière Volonté","","","Toujours","2007","6","n","",""
"10285235","","desert sand feels warm at night","","","水に流す","2019","8","o","",""
"11060967","","Diabarha","","","Rupture","2020","4","n","",""
"5444558","Hannah","Diamond","","","Attachment","2014","8","n","",""
"7741504","Hannah","Diamond","","","Fade Away","2016","9","n","",""
"10827495","Hannah","Diamond","","","Love Goes On","2019","7","n","",""
"7929107","Hannah","Diamond","","","Make Believe","2016","7","n","",""
"15453020","Hannah","Diamond","","","Poster Girl","2023","6","n","",""
"10785309","Hannah","Diamond","","","Reflections","2019","5","n","",""
"8821112","Hannah","Diamond","","","Soon I Won't See You at All","2017","7","n","",""
"9739743","Hannah","Diamond","","","True","2018","7","n","",""
"73817","","Diary of Dreams","","","Freak Perfume","2002","6","n","",""
"7811335","","dieselBoy","","","Future Sound of Hardcore","1994","6","n","",""
"7689450","","Dieselboy","","","Witness the Strength '95","1995","4","o","",""
"8888538","","Different Heaven &amp; EH!DE","","","My Heart","2014","8","n","",""
"3701370","","Diffuzion","","","Winter Cities","2011","6","n","",""
"13000456","","DIM","","","Compendium Reliquiae","2021","0","n","",""
"10937292","","Dimrain47","","","The Dimrain47 Collection (2005-2012)","2019","7","o","",""
"13487520","","Dimrain47","","","The Disturbance","2019","6","n","",""
"127988","","Dizzee Rascal","","","I Luv U","2003","5","n","",""
"258285","","DJ 6666","","","Death Breathing","1998","7","n","",""
"15995092","","DJane HouseKat &amp; Groove Coverage","","","Bubblegum Bitch","2024","4","n","",""
"14426371","","DJ BADNIK THE HEDGEHOG","","","The Future Sound of the World","2022","3","n","",""
"14847043","","DJ Billybool","","","Som jag","2022","7","n","",""
"16190216","","DJ Blyatman","","","Our Sound (feat. Xek) - Single","","6","n","",""
"11267843","","DJ Chrysaliss","","","trance nation pt1 palpitations","2020","7","n","",""
"12858664","","DJ Close Your Eyes to Find Me","","","Angel Trance Edits Volume One","2020","8","n","",""
"13798812","","DJ Coldsteel","","","Purifier","2021","7","n","",""
"13635238","","DJ Danny","","","On a Mountain","2021","10","n","",""
"403583","","DJ Encore feat. Engelina","","","Intuition","2002","7","n","",""
"12407089","","DJ GYROTTA ZAO","","","Zetrakore Xaos Da Jumping Gargoylz","2020","7","n","",""
"10381059","","DJ Hidden","","","The Nightmare Connector","2019","7","o","",""
"16127939","","Djjaner","","","Collection","","8","n","",""
"15719711","","DJ KHADIJA JANNAR","","","ورك عرقي","2024","6","n","",""
"16175167","","DJ KIMERA","","","Cloud Up","","8","n","",""
"13579104","","DJ Make Illusional","","","Sonohokano","2021","6","n","",""
"8302143","","DJ Moonraker","","","Riot Allnighter","1995","5","o","",""
"1915761","","DJ Okawari","","","Diorama","2008","6","n","",""
"3553524","","DJ Okawari","","","Kaleidoscope","2011","7","n","",""
"12253890","","Djoodi","","","Bass House Secondary","2020","5","n","",""
"9216326","","DJ Prianik","","","Birthday Mix","2002","6","n","",""
"15930834","","DJ Re:Code","","","ReVertPunk!","2024","6","n","",""
"6756333","","DJ Rozwell","","","None of This Is Real","2014","7","n","",""
"10640120","","Djrum","","","Hard to Say / Tournesol","2019","6","n","",""
"14981030","","DJ Sabrina the Teenage DJ","","","Dance Now","2022","5","n","",""
"377153","","DJ Sammy &amp; Yanou","","","Heaven","2002","6","n","",""
"9745726","","DJ Satomi","","","Castle in the Sky","2004","8","n","",""
"484409","","DJ Satomi","","","Lost in Space E.P.","2005","9","n","",""
"2612","","DJ Shadow","","","Endtroducing.....","1996","8","n","",""
"181064","","DJ Shadow","","","Midnight in a Perfect World","1996","6","o","",""
"358541","","DJ Shadow","","","Stem","1996","8","n","",""
"136103","","DJ Shadow","","","What Does Your Soul Look Like","1995","4","n","",""
"12543379","","DJ Shitty Files From Soulseek","","","HEXDUPONSOMEHALLYUSHIT.MP3 #RIPGUGUDAN","2021","6","n","",""
"9898671","","DJ Speedsick","","","Nothing Lasts","2019","6","o","",""
"15396363","","Domino Paranoia","","","Cranberry Dream","2023","0","o","","MP3"
"868953","Rob","Dougan","","","Clubbed to Death","1995","8","n","",""
"11191556","","Døves","","","Ultraclub4k","2020","7","n","",""
"13052676","","Dream Dolphin","","","Angel 13: From the Hyper Speed Forest","1999","8","n","",""
"10992340","","Dream Dolphin","","","Atmospheric Healing","1996","7","n","",""
"10992345","","Dream Dolphin","","","The Seventh Dream","1997","0","n","",""
"11913609","","Dream Dolphin","","","Ultra: Space Age Psychedelic Trance Music","2000","8","n","",""
"1616297","","Dreamgate","","","Fly Like Oxygene","2001","7","n","",""
"15583804","","dulcify","","","2.0","2023","6","o","",""
"76308","","Duran Duran","","","Come Undone","1993","8","n","",""
"2890","","Duran Duran","","","Greatest","1998","8","n","",""
"77062","","Duran Duran","","","The Wild Boys / (I'm Looking For) Cracks in the Pavement","1984","8","n","",""
"66052","The","Durutti Column","","","Fidelity","1996","7","n","",""
"165826","","Dusk","","","...Majestic Thou in Ruin","1995","7","n","",""
"15627059","","Dusqk","","","Heaven/exe","2023","8","n","",""
"10783","The","Dust Brothers","","","Fight Club","1999","8","n","",""
"14690646","","Dxrk ダーク","","","Rave","2022","6","n","",""
"9272617","","EASYFUN","","","Be Your USA","2018","7","n","",""
"8753895","","Ecco2k","","","Crush Resist (CR_2015)","2017","5","n","",""
"9010095","Dan","Efex","","","Plixx","1995","7","n","",""
"12722302","Billie","Eilish","","","Ilomilo","2021","7","n","",""
"8996","","Einstuerzende Neubauten","","","Haus der Luege","1989","5","n","",""
"8668043","","Eisfabrik","","","Null Kelvin","2017","7","n","",""
"12657534","","Eivar Selvik","","","Assassin's Creed Valhalla: the Wave of Giants","2020","6","n","",""
"10064562","","Ekcle","","","Yoja","2019","5","n","",""
"12129206","Dorian","Electra","","","My Agenda","2020","2","n","",""
"9908514","The","Electric Swing Circus","","","It Flew By","2017","6","n","",""
"4679534","The","Electric Swing Circus","","","The Electric Swing Circus","2013","6","n","",""
"1400314","","Electronic Studio Westdeutscher Rundfunk Köln","","","Iannis Xenakis 2: La légende d'Eer","1995","6","n","",""
"14999638","","ELFL","","","Dream of the Machina","2022","7","n","",""
"12197606","Danny","Elfman","","","Happy","2020","7","n","",""
"12993681","","Elusin","","","Silhouette","2021","7","n","",""
"2206940","The","Emperor Machine","","","Space Beyond the Egg","2009","6","n","",""
"15040196","The","Encounter","","","Astrid","2018","8","n","",""
"7005519","","Endlec","","","Theories and Subjects of Substance EP","2015","6","n","",""
"2832598","","Enduser","","","1/3","2010","7","o","",""
"11063693","The","Enigma TNG","","","Parallel Universe","2018","7","n","",""
"6191223","","Enjoy","","","Punk Planet","2015","6","n","",""
"144175","","E Nomine","","","Das Testament","1999","7","n","",""
"282003","","E Nomine","","","Finsternis","2002","6","n","",""
"7963","Brian","Eno with Daniel Lanois &amp; Roger Eno","","","Apollo: Atmospheres &amp; Soundtracks","1983","7","n","",""
"14857548","","Enter Shikari &amp; Wargasm","","","The Void Stares Back","2022","7","n","",""
"6812778","","Enya","","","Dark Sky Island","2015","7","n","",""
"2513456","","Enya","","","The Very Best of Enya","2009","7","n","",""
"5955","","Enya","","","Watermark","1988","7","o","",""
"14923739","","Erythrite Throne","","","Essence of the Moon's Vampyric Embrace","2022","6","n","",""
"13599408","","ESP","","","Forever","2020","7","n","",""
"59549","","E.S. Posthumus","","","Unearthed","2001","6","n","",""
"8847517","","Esprit 空想","","Esprit Fantasy","200% Electronica","2017","5","n","",""
"15258181","","Esselfortium","","","memory=entryrrrr/////","2023","6","n","",""
"128747","","Etnica","","","Alien Protein","1996","8","n","",""
"60711","","Evanescence","","","Bring Me to Life","2003","6","n","",""
"39190","","Evanescence","","","Fallen","2003","7","n","",""
"87297","","Evanescence","","","Going Under","2003","5","n","",""
"15515501","","Evanescence","","","Going Under (Live Acoustic / 2003)","2023","5","n","",""
"109911","","Evanescence","","","My Immortal","2003","9","n","",""
"37000","","Evanescence","","","Origin","2000","6","n","",""
"12018119","","Exodia","","","825 hp","2020","8","o","",""
"11702271","","Exodia","","","Neo Rave","2020","5","n","",""
"14994153","","Exodia","","","Valkyria","2022","7","n","",""
"28874","","Explosions in the Sky","","","Those Who Tell the Truth Shall Die, Those Who Tell the Truth Shall Live Forever","2001","5","n","",""
"7438","","Failure","","","Fantastic Planet","1996","5","n","",""
"24761","","Falconer","","","Chapters From a Vale Forlorn","2002","6","n","",""
"11585858","","False Noise","","","Floral Strobe","2020","6","n","",""
"10537900","","False Noise","","","Greys","2017","6","n","",""
"11066537","","Fatal FE","","","Music of the Spheres","2019","7","n","",""
"180976","","Fatboy Slim","","","Sunset (Bird of Prey)","2000","8","o","",""
"560543","","Fatboy Slim","","","The Greatest Hits: Why Try Harder","2006","6","o","",""
"1858","","Fatboy Slim","","","You've Come a Long Way, Baby","1998","7","o","",""
"15815665","","Fat Dog","","","Running","2024","7","n","",""
"15815655","","Fat Dog","","","WOOF.","2024","6","n","",""
"9812318","","FAttY SPiNS","","","Doin' Your Mom","2010","7","n","",""
"698239","","Faunts","","","M4","2006","6","n","",""
"12430727","","Fax Gang","","","Anything to Gain / Nothing to Lose","2020","8","o","",""
"11256125","","Fax Gang","","","FxG3000","2020","6","o","",""
"11397944","","Fax Gang","","","Highlight","2020","5","n","",""
"14754546","","Fax Gang","","","No Evil","2022","5","n","",""
"1886112","","Feindflug","","","Feindflug","1997","6","n","",""
"9695352","","Femi &amp; Malibu","","","United in Flames 23/10/2018","2018","6","n","",""
"15427190","","Femtanyl","","","Girl Hell 1999","2023","8","n","",""
"15938321","","Femtanyl","","","Worldwid3","2024","5","n","",""
"5279394","Sky","Ferreira","","","Boys","2014","5","n","",""
"9996346","Sky","Ferreira","","","Voices Carry Infant Demo","2018","6","n","",""
"9858660","","Feryquitous","","","Irui","2017","6","n","",""
"14994358","","Fever Ray","","","Carbon Dioxide","2022","7","n","",""
"175340","Brad","Fiedel","","","Terminator 2: Judgment Day","1991","7","n","",""
"754919","Brad","Fiedel","","","The Terminator","1984","6","n","",""
"9907552","","Filmmaker","","","Crepuscular","2018","6","n","",""
"11732499","","Filmmaker","","","Discordian Disco","2020","5","o","",""
"11144920","","Filmmaker","","","Eternal Return","2020","6","o","",""
"12633216","","Filmmaker","","","Vlad Tapes","2021","4","o","",""
"14746816","Purity","Filter","","","SHRAPNEL FLUX: VEILED TERMINAL","2022","9","n","",""
"230941","","Filteria","","","Sky Input","2004","6","n","",""
"142246","","Fischerspooner","","","Emerge","2001","4","n","",""
"453563","","Fishmans","","","LONG SEASON","1996","4","n","",""
"5630126","","Five Star Hotel","","","Gray Data","2014","6","o","",""
"6240323","","Five Star Hotel","","","#HOTELSEASON","2015","6","o","","MP3"
"9800639","","Five Star Hotel","","","Open Wound","2018","7","n","",""
"16025848","","FKA twigs","","","Eusexua","2024","8","n","",""
"1242903","The","Flashbulb","","","These Open Fields","2002","4","n","",""
"391409","","Fleetwood Mac","","","Dreams / Songbird","1977","7","n","",""
"15451782","JK","Flesh","","","No Exits","2023","7","n","",""
"197596","","Flesh Field","","","Strain","2004","6","n","",""
"4242405","JK","Flesh / Prurient","","","Worship Is the Cleansing of the Imagination","2012","6","n","",""
"14943752","","Fleshwater","","","We're Not Here to Be Loved","2022","4","n","",""
"16434047","","Floating Door","","","Chewing Glass pt2 (Severed Steel Soundtrack)","2021","9","n","",""
"13477817","","Floating Door","","","Chewing Glass - Severed Steel OST","2021","8","n","",""
"7343196","","Floating Points","","","Kuiper","2016","5","n","",""
"14495098","","Floating Points","","","Vocoder","2022","7","n","",""
"15430901","","Flooding","","","Silhouette Machine","2023","7","n","",""
"2116448","","Flooting Grooves","","","Upsyde Downe","2007","7","n","",""
"182308","","Fluke","","","Atom Bomb","1996","7","n","",""
"206266","","Fluke","","","Puppy","2003","7","n","",""
"4258133","","Flume","","","Flume","2012","6","n","",""
"10111889","","Flume","","","Hi This Is Flume","2019","5","o","",""
"7544057","","Flume","","","Insane","2014","9","n","",""
"1500010","","Flying Lotus","","","Los Angeles","2008","7","n","",""
"5806539","","Flying Lotus","","","Never Catch Me","2014","6","n","",""
"15744066","","FM Skyline","","","Images","2024","7","n","",""
"15804524","","Fontaines D.C.","","","Starburster","2024","8","n","",""
"15875271","","Forbidden Society","","","Jungle Therapy, Vol. 16 - Single","2007","10","o","",""
"15710315","Ryan James","Ford","","","Tower Hamlets","2024","5","n","",""
"8174457","","Forest Swords","","","Compassion","2017","8","n","",""
"4649599","","Forest Swords","","","Engravings","2013","7","n","",""
"9966480","","Fornax Void","","","Cyberspace Database","2018","8","n","",""
"4079775","","Forss","","","Ecclesia","2012","7","n","",""
"16101134","","FortyThr33","","","Atmospheric Pressure","2017","6","n","",""
"8579398","","Four Tet","","","New Energy","2017","7","n","",""
"4070488","","Four Tet","","","Pink","2012","7","n","",""
"2574515","","Four Tet","","","There Is Love in You","2010","7","n","",""
"6767613","Toby &#34;Radiation&#34;","Fox","","","UNDERTALE","2015","6","n","",""
"112720","John","Foxx","","","Underpass / Film One","1980","5","n","",""
"6825990","","Fractal","","","Gaia","2015","0","n","",""
"13716599","","Fragrance.","","","Salt Water","2021","5","n","",""
"14580556","","frail","","","Frail","2022","7","n","",""
"7434683","","Fraunhofer Diffraction","","","A Place to Drown the Dreams","2014","6","n","",""
"7434912","","Fraunhofer Diffraction","","","Fading","2015","8","n","",""
"7434862","","Fraunhofer Diffraction","","","Vice","2014","8","o","",""
"14838164","","FREE.99","","","Out for Blood","2022","7","n","",""
"15127965","","FREE.99","","","Trauma Reduction Prayer","2023","7","n","",""
"331222","","Freeland","","","Now &amp; Them","2003","7","n","",""
"15123956","Debby","Friday","","","I Got It","2023","6","o","",""
"109748","","Front Line Assembly","","","Civilization","2004","6","n","",""
"57991","","Front Line Assembly","","","Everything Must Perish","2001","6","n","",""
"12153","","Front Line Assembly","","","Hard Wired","1995","6","n","",""
"155028","","Front Line Assembly","","","Millennium","1994","7","n","",""
"7029","","Front Line Assembly","","","Millennium","1994","6","n","",""
"20117","","Front Line Assembly","","","Tactical Neural Implant","1992","6","n","",""
"2108366","Ben","Frost","","","By the Throat","2009","7","n","",""
"22520","","Frou Frou","","","Details","2002","6","n","",""
"2409906","","Frou Frou","","","Let Go","2002","7","n","",""
"1287503","","Frou Frou","","","Must Be Dreaming","2002","5","n","",""
"3826595","","Frozen Plasma","","","Dekadenz","2015","7","n","",""
"4564617","","Fuck Buttons","","","Slow Focus","2013","9","n","",""
"2405940","","Fuck Buttons","","","Tarot Sport","2009","6","n","",""
"17155","","Fugazi","","","Instrument","1999","4","n","",""
"15973677","","Funk Assault","","","Paces of Places","2024","6","n","",""
"581496","","Future Funk Squad","","","Audio Damage","2006","7","o","",""
"15830553","","Future Funk Squad &amp; Tamra Keenan","","","Kissing Air","2003","8","n","",""
"7464","The","Future Sound of London","","","Dead Cities","1996","7","n","",""
"126319","The","Future Sound of London","","","ISDN","1994","7","n","",""
"13548","The","Future Sound of London","","","Lifeforms","1994","7","n","",""
"68761","The","Future Sound of London","","","Papua New Guinea","1992","0","n","",""
"13634580","","f(x)","","","Red Light","2014","8","n","",""
"15261717","Peter","Gabriel","","","Four Kinds of Horses (Bright-Side Mix)","2023","7","n","",""
"77056","Peter","Gabriel","","","No Self Control / Lead a Normal Life","1980","6","n","",""
"107384","","GAS","","","Zauberberg","1998","7","n","",""
"8004","The","Gathering","","","Nighttime Birds","1997","6","n","",""
"511959","","General Midi","","","MIDI Style","2006","6","o","",""
"389049","","General Midi","","","The Westerner","2000","6","n","",""
"208356","","Genocide Organ","","","In-Konflikt","2004","5","n","",""
"4822548","","Gesaffelstein","","","Aleph","2013","5","n","",""
"3824699","","Gesaffelstein","","","Conspiracy Pt. II","2011","0","o","","MP3"
"4953980","","Gesaffelstein","","","Hate or Glory","2013","6","n","",""
"9812504","","Gesaffelstein","","","Hyperion","2019","5","n","",""
"4609376","","Gesaffelstein","","","Pursuit","2013","5","n","",""
"9778735","","Gesaffelstein","","","Reset","2018","6","n","",""
"8758","Stan","Getz &amp; João Gilberto featuring Antônio Carlos Jobim","","","Getz / Gilberto","1964","6","n","",""
"88182","","G*G*F*H","","","Disease","1993","0","n","",""
"88183","","G.G.F.H.","","","Reality","1992","6","n","",""
"15005940","","Ghost","","","I Had to Die to Survive","2022","3","n","",""
"14730911","","Ghost Data","","","Symphony of the Shepherdess","2022","6","n","",""
"14870531","","Ghostface Playa","","","Why Not","2022","6","n","",""
"5861346","","Gidge","","","Autumn Bells","2014","0","n","",""
"8875771","","Girl Pusher","","","Dont Die","2016","0","n","",""
"14941380","","Girls Rituals","","","Interceptor","2022","1","o","",""
"8514629","Alice","Glass","","","Alice Glass","2017","7","n","",""
"8930623","Alice","Glass","","","CEASE AND DESIST","2018","6","n","",""
"14067283","Alice","Glass","","","FAIR GAME","2021","5","n","",""
"11887905","Alice","Glass","","","NIGHTMARES","2020","3","n","",""
"6622421","Alice","Glass","","","STILLBIRTH","2015","7","n","",""
"12473053","Alice","Glass","","","Suffer and Swallow","2021","5","n","",""
"7676209","","Glass Candy","","","Digital Versicolor","2007","5","n","",""
"15877314","","Glis","","","Gateway to Oblivion","2024","4","n","",""
"651292","","Globus","","","Epicon","2006","6","n","",""
"6484853","","Glockabelle","","","Wolf BBQ - EP","2015","4","n","",""
"15357556","","Glorb","","","The Bottom","2023","5","n","",""
"15587542","","Glorb","","","The Bottom 2","2023","8","n","",""
"16218326","","Glorb","","","The Bottom 3","2024","8","n","",""
"16220587","","Glorb","","","The Bottom 3","2024","10","n","",""
"15480689","","Glorb","","","VENGEANCE","2023","8","n","",""
"12063015","","Gnoll","","","Cro-man","2020","7","n","",""
"13433257","","Go_A","","","Жальменіна [Zhalmenina]","2016","7","n","",""
"16146757","","Goatbed","","","- DMMd Period. - DRAMAtical Murder Re:connect (Soundtrack)","","8","n","",""
"200298","","Godflesh","","","Messiah","2000","7","n","",""
"17021","","Godflesh","","","Streetcleaner","1989","0","n","",""
"22762","","Godflesh","","","Us and Them","1999","7","n","",""
"2602","","Godspeed You Black Emperor!","","","Lift Yr. Skinny Fists Like Antennas to Heaven!","2000","4","n","",""
"7411592","Wojciech","Golczewski","","","Reality Check","2016","6","n","",""
"12768680","","Golden Boy","","","I Never Meant for This to Happen","2021","4","o","",""
"15926090","","Gold Geisha","","","Nightingale","2019","5","n","",""
"260170","","Goldie Presents Metalheads","","","Inner City Life","1994","5","n","",""
"11779139","","Goodbye Gravity","","","Ascent","2017","6","n","",""
"7665256","Les","Gordon","","","Abyss","2016","6","n","",""
"6998183","Les","Gordon","","","Atlas","2015","6","n","",""
"9521360","Les","Gordon","","","La","2018","6","n","",""
"7722326","Mick","Gordon","","","DOOM","2016","6","o","",""
"3834442","","goreshit","","","gnb","2012","8","o","",""
"3597356","","goreshit","","","Semantic Compositions on Death and Its Meaning","2011","8","n","",""
"3866428","","Gorillaz","","","DoYaThing","2012","4","n","",""
"2332259","","Gorillaz","","","Plastic Beach","2010","5","n","",""
"14689779","","Goth Lipstick","","","Money Hanger Shoes","2022","6","n","",""
"25526","Manuel","Göttsching","","","E2-E4","1984","7","n","",""
"4147971","Ellie","Goulding","","","Lights","2011","7","n","",""
"2009173","","GPKISM","","","Atheos","2009","7","n","",""
"3500115","","GPKISM","","","Reliquia","2011","7","n","",""
"7195082","Ariana","Grande","","","Dangerous Woman","2016","6","n","",""
"14567521","Saya","Gray","","","If There's No Seat in the Sky (Will You Forgive Me???)","2022","6","n","",""
"9013795","Jonny","Greenwood","","","You Were Never Really Here","2018","6","n","",""
"389471","Harry","Gregson-Williams &amp; 日比野則彦","Harry","Gregson-Williams &amp; Norihiko Hibino","Metal Gear Solid 2: Sons of Liberty","2001","6","n","",""
"91018","","Gridlock","","","Formless","2003","7","n","",""
"50261","","Gridlock","","","Further","1999","6","o","",""
"1559315","","Grim","","","Folk Music","1986","5","n","",""
"6565355","","Grim","","","Maha","2015","5","n","",""
"6841529","","Grimes","","","Art Angels","2015","6","n","",""
"3823286","","Grimes","","","Genesis","2012","5","o","",""
"7528787","","Grimes","","","Kill v. Maim","2016","6","n","",""
"10882459","","Grimes","","","My Name Is Dark","2019","6","o","",""
"3940587","","Grimes","","","Oblivion","2012","5","n","",""
"9770733","","Grimes","","","We Appreciate Power","2018","7","n","",""
"10617585","","Grimes &amp; i_o","","","Violence","2019","6","n","",""
"9163162","","Groundbreaking","","","Hurt","2016","0","n","",""
"280331","","Ground-Zero","","","Consume Red","1997","7","n","",""
"3408861","","Grouper","","","A I A: Alien Observer","2011","7","n","",""
"1104962","","Grouper","","","Dragging a Dead Deer Up a Hill","2008","6","n","",""
"3541480","David","Guetta","","","Nothing but the Beat","2011","5","n","",""
"13654592","David","Guetta","","","Titanium","2011","8","n","",""
"3608788","David","Guetta","","","Titanium","2011","6","n","",""
"7289524","Romy","Haag","","","Moving On","2010","0","n","",""
"215109","","Hallucinogen","","","LSD","1995","7","n","",""
"4582","","Hallucinogen","","","Twisted","1995","8","n","",""
"14922557","","Halsey","","","I Am Not a Woman, I'm a God","2021","3","n","",""
"220563","","Hanayo in Panacea","","","Hanayo in Panacea","1998","8","n","",""
"406844","Rei","Harakami","","","[lust]","2005","6","n","",""
"12521592","Danny L","Harle","","","Harlecore","2021","8","n","",""
"12524213","Danny L","Harle &amp; DJ Danny","","","On a Mountain","2021","9","n","",""
"4183178","Jesse","Harlin","","","Star Wars: Republic Commando","2005","7","n","",""
"15175404","Calvin","Harris &amp; Ellie Goulding","","","Miracle","2023","6","n","",""
"2179250","Ed","Harrison","","","Neotokyo","2011","7","o","",""
"12511121","","Hashirat","","","Her Animal","2021","4","o","",""
"14991859","","Hatchie","","","Nosedive","2022","7","n","",""
"5511663","","HATE","","","Bad History","2014","6","n","",""
"11339669","Helena","Hauff","","","Kern Vol. 5","2020","5","o","",""
"3466387","","Haus Arafna","","","New York Rhapsody","2011","7","n","",""
"11822631","Anna von","Hausswolff","","","Sacro Bosco","2020","6","n","",""
"8804852","Anna von","Hausswolff","","","The Mysterious Vanishing of Electra","2017","5","n","",""
"8990916","Anna von","Hausswolff","","","The Truth, the Glow, the Fall","2018","6","n","",""
"4385600","The","Haxan Cloak","","","Excavation","2013","7","n","",""
"15497722","The","Haxan Cloak","","","N/Y","2023","8","n","",""
"463701","","Headscan","","","Pattern Recognition","2005","0","o","","MP3"
"2206612","","HEALTH","","","Die Slow","2009","5","n","",""
"15169093","","Heartworms","","","A Comforting Notion","2023","5","n","",""
"15611338","","Heaven Pierce Her","","","ULTRAKILL: VIOLENCE","2023","5","n","",""
"15729554","","heavensouls","","","Jambalyah","2024","6","n","",""
"626992","Tim","Hecker","","","Harmony in Ultraviolet","2006","7","n","",""
"188302","Tim","Hecker","","","Mirages","2004","6","n","",""
"3208874","Tim","Hecker","","","Ravedeath, 1972","2011","7","n","",""
"4648303","Tim","Hecker","","","Virgins","2013","7","n","",""
"39848","","Heldon","","","Stand By","1979","5","o","",""
"7193131","","HELLCOM","","","Energy111","2016","7","n","",""
"6223670","","Hello Meteor","","","The Glowing","2014","7","n","",""
"10371238","The","Hellp","","","Ssx","2019","3","n","",""
"16130800","","Helsy","","","Fate Reincarnation Stay Night","","8","n","",""
"15400605","","hemlocke springs","","","Enknee1","2023","6","n","",""
"14250344","","Hensonn","","","Night Chase","2021","8","n","",""
"14250355","","Hensonn","","","Sahara","2021","7","n","",""
"14250359","","Hensonn","","","Strange","2021","3","n","",""
"3845113","","Hermitude","","","HyperParadise","2012","6","o","",""
"344980","Bernard","Herrmann","","","Vertigo","1958","8","n","",""
"3153132","","Hespèrion XXI / La Capella Reial de Catalunya / Jordi Savall / Montserrat Figueras / Pascal Bertin / Lluís Vilamajó / Marc Mauillon / Furio Zanasi","","","Le royaume oublié : la croisade contre les Albigeois - la tragédie cathare","2009","7","n","",""
"238036","","Hex","","","Global Chaos","1993","5","n","",""
"13793954","Jake","Hill","","","By the Sword","2020","6","n","",""
"616249","","Hint","","","&#34;Dys-&#34;","1996","4","n","",""
"733122","Susumu","Hirasawa","","","Paprika","2006","5","n","",""
"15941067","Adam","Hoek","","","Make This Puppet Proud","2015","6","n","",""
"1931715","","Hokusai","","","Black Rose / 12 Till 4","1996","6","o","","MP3"
"315081","James","Holden","","","Balance 005","2003","7","o","",""
"82530","","Hole","","","Violet","1995","2","n","",""
"11331453","","Hollywood Principle","","","Colors","","3","n","",""
"11331522","","Hollywood Principle","","","Colors: The Remixes","2018","0","n","",""
"11331541","","Hollywood Principle","","","Starting Over","2017","6","n","",""
"15559362","Natalie","Holt","","","Loki: Season 2 - Vol. 2 (Episodes 4-6)","2023","5","n","",""
"6810462","","HOME","","","Odyssey","2014","6","n","",""
"13868437","","HOME","","","Resonance","2021","8","o","",""
"6131457","","Hong Kong Express","","","HK","2015","7","n","",""
"9045088","Jon","Hopkins","","","Singularity","2018","7","n","",""
"3411219","Ian","Howe, Alastair Lindsay, Kevin Saville, Julian Hodgson","","","Tempest 2000: The Soundtrack","1994","5","n","",""
"190889","Freddie","Hubbard &amp; İlhan Mimaroğlu","","","Sing Me a Song of Songmy","1971","4","n","",""
"9811802","Andrew","Hulshult","","","DUSK","2018","6","n","",""
"13324548","","Humanfobia","","","Epitafio Fantasmal","2021","4","n","",""
"5121","The","Human League","","","Reproduction","1979","3","n","",""
"13982946","","HVOB","","","TOO","2022","8","n","",""
"642136","","Hybrid","","","I Choose Noise","2006","7","o","",""
"91711","","Hybrid","","","Morning Sci-Fi","2003","6","n","",""
"16372","","Hybrid","","","Wide Angle","1999","5","o","",""
"9476450","","Hyper","","","Bully","2015","6","n","",""
"5267058","","Hyper","","","Lies","2013","8","n","",""
"4003159","","iamamiwhoami","","","kill","2012","6","n","",""
"2851207","","iamamiwhoami","","","o","2010","7","n","",""
"523840","","IAMX","","","The Alternative","2006","5","n","",""
"13900790","","iANO","","","Dispossession","2021","4","n","",""
"11701055","","iANO","","","SOCND 1: Time in Oblivion","2020","7","n","",""
"11848893","","iANO","","","SOCND 2: Blue Glass Void","2020","8","o","",""
"11980965","","iANO","","","SOCND 3: The False Becoming","2020","5","n","",""
"12135981","","iANO","","","SOCND 4: The Glowing Mantle","2020","7","n","",""
"12272823","","iANO","","","SOCND 5: End of Annihilation","2020","6","n","",""
"341932","","Ian van Dahl","","","Castles in the Sky","2001","7","n","",""
"1270438","","i broke my robot","","","Tomorrow Does Not Exist","2007","5","n","",""
"14074281","","IC3PEAK &amp; Oli Sykes","","","VAMPIR","2021","5","n","",""
"1027490","","Ice Ages","","","Buried Silence","2008","7","n","",""
"10188165","","Ice Ages","","","Nullify","2019","6","n","",""
"16071440","","Ice Ages","","","Parasiting Dreams","2024","6","n","",""
"159983","","Ice Ages","","","This Killing Emptiness","2000","8","n","",""
"4663395","","Icona Pop","","","This Is... Icona Pop","2013","6","n","",""
"13403692","","Iglooghost","","","Lei Disk 「Radio•Broadcast」","2021","8","n","",""
"15065718","","Iglooghost","","","Tidal Memory Exo","2024","8","n","",""
"11734133","","I Hate Models","","","1NN3RT1ME","2020","6","n","",""
"10797646","","I Hate Models","","","Intergalactic Emotional Breakdown","2019","7","o","",""
"7588765","","I Hate Models","","","Warehouse Memories","2016","6","o","",""
"14823806","","iiso","","","Signs","2022","7","o","",""
"410331","Ryoji","Ikeda","","","Dataplex","2005","6","o","",""
"8039146","","Imagine Dragons","","","Believer","2017","5","n","",""
"8270859","","Imagine Dragons","","","Evolve","2017","5","o","",""
"12785455","","Imagine Dragons","","","Follow You / Cutthroat","2021","5","n","",""
"4868327","","Imagine Dragons","","","Monster","2013","6","n","",""
"9406692","","Imagine Dragons","","","Natural","2018","7","n","",""
"4073911","","Imagine Dragons","","","Night Visions","2012","6","n","",""
"9619809","","Imagine Dragons","","","Origins","2018","5","n","",""
"6057055","","Imagine Dragons","","","Smoke + Mirrors","2015","5","o","",""
"8243488","","Imagine Dragons","","","Thunder","2017","5","n","",""
"904670","","I Monster","","","Daydream in Blue","2001","4","n","",""
"1762920","","Imperative Reaction","","","Minus All","2008","7","n","",""
"381323","","Imperio","","","Nostra culpa","1995","5","o","",""
"9697292","","Infected Mushroom","","","Head of NASA and the 2 Amish Boys","2018","4","o","",""
"10434100","","Infected Mushroom","","","Kababies","2019","5","n","",""
"2275297","","Infected Mushroom","","","Legend of the Black Shawarma","2009","6","o","",""
"7981052","","Infected Mushroom","","","Return to the Sauce","2017","6","o","",""
"791309","","Infected Mushroom","","","Vicious Delicious","2007","8","o","",""
"16123117","","Infinity Frequencies","","","The First Machine","2024","8","n","",""
"8857967","","Influx","","","Goddess of Deception","2017","0","n","",""
"230464","","Informatik","","","Nymphomatik","2002","6","n","",""
"14977902","","Ingvarr","","","A Dire Prediction","2022","7","n","",""
"12537994","","Ingvarr","","","The Hopeless Resistance of Emberdrin's Army","2020","8","n","",""
"11279186","","In-House Pharmacy","","","Tetsuo: The Iron Man Revisited","2018","6","n","",""
"13491134","","Injury Reserve","","","By the Time I Get to Phoenix","2021","8","n","",""
"13570108","","Injury Reserve","","","Superman That","2021","6","n","",""
"125832","","In Slaughter Natives","","","In Slaughter Natives","1989","6","n","",""
"195859","","In Slaughter Natives","","","Purgate My Stain","1996","6","n","",""
"3310110","","Instant Zen","","","Fjord EP","1994","5","n","",""
"15263308","","INSTASAMKA","","","Sped Up Album","2023","5","n","",""
"666742","","In Strict Confidence","","","Collapse","1997","8","n","",""
"181271","","In Strict Confidence","","","Holy","2004","6","n","",""
"37537","","Interpol","","","Obstacle 1","2002","8","n","",""
"14851939","","INTERWORLD","","","Fallen","2022","8","n","",""
"14851942","","INTERWORLD","","","Metamorphosis","2021","8","n","",""
"14851937","","INTERWORLD","","","Rapture","2022","7","n","",""
"15272542","","INTERWORLD &amp; Siiickbrain","","","Deep End","2023","8","n","",""
"15757809","","ionnalee","","","Innocence of Sound","2024","8","n","",""
"10940553","","IOSONOUNCANE","","","IRA","2021","4","o","",""
"15463627","","IOSONOUNCANE","","","Qui noi cadiamo verso il fondo gelido","2023","3","n","",""
"4599378","","Iroha(sasaki)","","","炉心融解","2008","8","n","",""
"63822","","Iron Maiden","","","The Trooper / Cross-Eyed Mary","1983","4","n","",""
"3144982","The","Irrepressibles","","","In This Shirt","2010","7","n","",""
"8474865","","Isidor","","","3218","2017","6","n","",""
"11496832","Niki","Istrefi / Hadone / Anetha","","","Body Changes Are Natural","2020","7","o","",""
"15057728","","Isyti","","","bootleg (+)","2022","6","n","",""
"14128566","","]I[xXxXx_6YRథ్‌٣٣A_ЗАО]I[؟؟","","","LARD ✚","2021","5","o","",""
"14128544","","]I[xXxXx_6YRథ్‌٣٣A_ЗАО]I[؟؟","","","LARD ？","2021","5","n","",""
"13365856","Malia","J","","","Smells Like Teen Spirit","2021","6","n","",""
"6680037","Getter","Jaani","","","DNA","2014","6","n","",""
"2959187","Getter","Jaani","","","Parim päev","2010","6","n","",""
"3393234","Getter","Jaani","","","Rockefeller Street","2011","6","n","",""
"3461535","Getter","Jaani","","","Rockefeller Street","2011","5","n","",""
"15477287","Getter","Jaani &amp; Koit Toome","","","Valged Ööd (Radio Version)","2011","7","n","",""
"11081862","Nicolás","Jaar","","","Against All Logic","2020","6","n","",""
"3145564","The","Jacka &amp; Ampichino","","","Devilz Rejectz 2: House of the Dead","2010","6","n","",""
"13985003","","Jackie Extreme","","","DARKWEB","2019","5","n","",""
"352767","Janet","Jackson","","","Rhythm Nation","1989","5","n","",""
"15935805","","JADE","","","Angel of My Dreams","2024","8","n","",""
"1825142","","Jah Cure","","","The Universal Cure","2009","6","n","",""
"15730052","Isabella","James","","","The Dancers Reward","2024","7","n","",""
"11479","Jean Michel","Jarre","","","Equinoxe","1978","7","n","",""
"8586091","","JASSS","","","Weightless","2017","5","o","",""
"398852","","J Dilla","","","Donuts","2006","0","o","","MP3"
"3862967","Carly Rae","Jepsen","","","Call Me Maybe","2011","5","n","",""
"6565809","Carly Rae","Jepsen","","","Run Away With Me","2015","7","n","",""
"13977465","","Jockstrap","","","50/50","2021","5","o","",""
"7827413","","Jóhann Jóhannsson","","","Arrival","2016","7","n","",""
"7608535","","Jóhann Jóhannsson","","","Orphée","2016","8","o","",""
"6731843","","Jóhann Jóhannsson","","","Sicario","2015","5","n","",""
"182127","Jay-Jay","Johanson","","","So Tell the Girls That I Am Back in Town","1996","8","n","",""
"11483935","G","Jones","","","Illusory OS Vol1: G Jones Secret Sky DJ Set","2020","6","n","",""
"15260897","G","Jones","","","Paths","2023","7","n","",""
"10862820","G","Jones","","","Tangential Zones","2019","6","n","",""
"9685103","G","Jones","","","The Ineffable Truth","2018","6","n","",""
"1600505","William","Joseph","","","Beyond","2008","7","n","",""
"7150147","","Jötgrimm","","","Gramessteig","2015","7","n","",""
"251851","Les","Joyaux de la Princesse","","","In Memoriam","2004","6","n","",""
"36544","","Joy Division","","","Licht und Blindheit","1980","6","n","",""
"8791474","","JPEGMAFIA","","","Baby I'm Bleeding","2017","6","n","",""
"9716607","","JPEGMAFIA &amp; Kenny Beats","","","Puff Daddy","2018","3","n","",""
"13439273","","J Sky","","","Nobody Here","2020","8","n","",""
"10968589","","Juche","","","Future Love Story","2019","7","n","",""
"13472988","","julie","","","Pushing Daisies","2021","6","n","",""
"47412","","Juno Reactor","","","Beyond the Infinite","1996","7","o","",""
"1278189","","Juno Reactor","","","God Is God","1997","8","n","",""
"191747","","Juno Reactor","","","Labyrinth","2004","7","o","",""
"11640618","","Junta Cadre","","","Vietnam Forever","2020","7","n","",""
"11077775","","JunxPunx","","","Reminder","2014","6","o","",""
"658267","","Justice","","","† [Cross]","2007","5","n","",""
"1789520","","Justice","","","Planisphère","2008","8","o","",""
"740144","Caroline","K","","","Now Wait for Last Year","1987","7","n","",""
"6189011","","Kahn","","","Abattoir / Over Deh So","2015","0","n","",""
"10117963","","Kalax","","","III","2019","6","n","",""
"12005790","","Kamixlo / Katie Vick / Evian Christ / Yung Sherman / Femi","","","Trance Party Special: Bala Club + Evian Christ + Yung Sherman + Femi - 5th July 2018","2018","6","n","",""
"771617","","Kap Bambino","","","Zero Life, Night Vision","2006","5","n","",""
"515890","","Kasabian","","","Club Foot","2004","7","n","",""
"12364277","","Kashiwa Daisuke","","","Program Music III","2020","5","n","",""
"1539697","Daiki","Kasho &amp; 庄司 英徳","","","F-Zero GX/AX","2004","4","n","",""
"9237300","Saki","Kaskas","","","Callista","1998","9","n","",""
"776915","","Kavinsky","","","1986","2007","6","n","",""
"4526431","","Kavinsky","","","Nightcall","2012","8","o","",""
"2576094","","Kavinsky","","","Nightcall","2010","7","o","","MP3"
"9628521","","K?d","","","Find Paradise","2018","6","o","",""
"15087946","","Kelela","","","Contact","2023","7","n","",""
"6808910","","Kelela","","","Rewind","2015","7","n","",""
"117376","","Kelis","","","Milkshake","2004","4","n","",""
"140806","","Kemistry &amp; Storm","","","DJ-Kicks","1999","6","n","",""
"7636786","","Kero Kero Bonito","","","Bonito Generation","2016","5","o","",""
"12722773","","Kero Kero Bonito","","","Civilisation II","2021","6","n","",""
"6018561","","Kero Kero Bonito","","","Flamingo","2014","4","n","",""
"8989284","","Kero Kero Bonito","","","Only Acting","2018","8","n","",""
"10384158","","Kero Kero Bonito","","","Sick Beat","2014","6","n","",""
"12719990","","Kero Kero Bonito","","","The Princess and the Clock","2021","6","o","",""
"4400814","Samuel","Kerridge","","","RA.349","2013","6","n","",""
"15431398","","Kettama","","","Fallen Angel","2023","5","n","",""
"14907381","","KFC Murder Chicks","","","KFCMC","2022","7","n","",""
"8045683","","K.Flay","","","Black Wave","2017","6","n","",""
"8045693","","K.Flay","","","Every Where Is Some Where","2017","6","n","",""
"5359344","Ben","Khan","","","1992","2014","0","o","","MP3"
"8510286","","Kiasmos","","","Blurred","2017","6","n","",""
"5711286","","Kiasmos","","","Kiasmos","2014","7","n","",""
"6889821","","Kiasmos","","","Swept","2015","7","n","",""
"4186819","","Kiasmos","","","Thrown","2012","6","n","",""
"16223438","","Kiasu","","","Distress Signals","2024","6","n","",""
"15264","","Kidneythieves","","","Trickster","1998","7","n","",""
"2520989","The","Kilimanjaro Darkjazz Ensemble","","","Here Be Dragons","2009","5","n","",""
"3594638","The","Killers","","","Battle Born","2012","5","o","",""
"1724577","The","Killers","","","Day &amp; Age","2008","7","o","",""
"320347","","Killing Joke","","","Hosannas From the Basements of Hell","2006","0","n","",""
"85606","","Killing Joke","","","Requiem / Change","1980","6","n","",""
"14097652","","Kill the Noise","","","Embrace","2022","8","n","",""
"13381680","","Kilo Kish","","","American Gurl","2021","5","n","",""
"9517378","","Kilo Kish","","","Elegance","2018","7","n","",""
"9516100","","Kilo Kish","","","Mothe","2018","7","n","",""
"10736878","Lim","Kim","","","Generasian","2019","5","n","",""
"11030965","","KINREK","","","the following vol. III: lydydal","2020","9","n","",""
"10675516","","KINREK","","","The Following Vol. I: Recotru Thencr","2019","8","n","",""
"14029216","","Kirara","","","4","2021","6","n","",""
"909375","Grant","Kirkhope, Graeme Norgate &amp; David Clynick","","","Perfect Dark","2000","7","n","",""
"8095345","","Kirkwood","","","King of the Golden Hall","1991","7","n","",""
"5995224","","Kitty","","","Frostbite","2014","7","o","",""
"11606904","","Kitty","","","☼ Miss U ☼","2014","6","n","",""
"5112458","","Kitty","","","Second Life","2013","8","n","",""
"14543011","","Klangkünstler","","","Deine Angst","2022","6","n","",""
"12889968","","Klangkünstler","","","Weltschmerz","2021","6","n","",""
"13520784","Frank","Klepacki","","","Command &amp; Conquer Generals","2007","7","n","",""
"581642","Frank","Klepacki","","","Command &amp; Conquer: Red Alert 2","2000","6","n","",""
"11694015","Frank","Klepacki","","","Command &amp; Conquer: Red Alert Original Soundtrack (Remastered)","2020","7","n","",""
"8276583","Frank","Klepacki","","","Command &amp; Conquer: The Ultimate Music Collection","2012","6","n","",""
"238131","Frank","Klepacki","","","The Music of Command &amp; Conquer","1996","5","n","",""
"292151","Frank","Klepacki","","","The Music of Command &amp; Conquer: Red Alert","1996","5","n","",""
"1505546","Frank","Klepacki","","","Virtual Control","2005","5","n","",""
"11694005","Frank","Klepacki &amp; The Tiberian Sons","","","Frank Klepacki &amp; The Tiberian Sons: Celebrating 25 Years of Command &amp; Conquer","2020","6","n","",""
"12197697","","Kloud","","","Autonomy","2020","6","n","",""
"15630509","Mike","Klubnika","","","BUCKSHOT ROULETTE","2023","6","n","",""
"3927","","KMFDM","","","Adios","1999","3","n","",""
"466345","","KMFDM","","","Juke-Joint Jezebel","1995","5","n","",""
"15319431","Rebecca","Kneubuhl &amp; Gabriel Mann","","","Timeshift — Original Game Music Score","2008","7","n","",""
"4380704","The","Knife","","","Full of Fire","2013","7","n","",""
"562636","The","Knife","","","Marble House","2006","7","n","",""
"474366","The","Knife","","","Silent Shout","2006","8","n","",""
"474362","The","Knife","","","Silent Shout","2006","7","n","",""
"1142511","The","Knife","","","Silent Shout: An Audio Visual Experience","2007","7","n","",""
"613545","The","Knife","","","We Share Our Mothers' Health","2006","7","n","",""
"15780324","","Knocked Loose","","","Don't Reach for Me","2024","7","n","",""
"15817251","","KOKAENLAPIPA","","","KOKAENLAPIPA","2024","7","n","",""
"15105653","","kokoro","","","Tranquil","2019","7","n","",""
"6070602","Jun","Konagaya","","","Travel","2014","7","n","",""
"3838720","","Kondor","","","Peace of Soul","2011","8","n","",""
"15492749","","Koraii","","","Birth of Paul","2023","7","n","",""
"15364832","","Koraii","","","Purgatori","2019","5","n","",""
"774984","","KOTOKO","","","Re-Sublimity","2004","6","o","",""
"581245","The","Kovenant","","","S.E.T.I.","2003","6","n","",""
"5481","","Kraftwerk","","","Autobahn","1974","6","n","",""
"610907","","Kraftwerk","","","Computer Love / The Model","1981","5","n","",""
"294303","","Kraftwerk","","","Minimum-Maximum","2005","5","n","",""
"177722","","Kraftwerk","","","Radioaktivität / Antenne","1976","4","n","",""
"52915","","Kraftwerk","","","Trans Europa Express","1977","4","n","",""
"137856","","Kraftwerk","","","Trans-Europe Express / Europe Endless","1977","7","n","",""
"15263046","","Krallice","","","Porous Resonance Abyss","2023","6","n","",""
"14788581","","Krallice","","","Psychagogue","2022","5","n","",""
"4025329","","Kreayshawn","","","Somethin 'Bout Kreay","2012","6","n","",""
"15956847","","Krigaré","","","Krigaré","","7","n","",""
"16373299","Nic","Krog","","","Perfect Pattern","2025","5","n","",""
"3245516","","Kryptic Minds","","","Can't Sleep","2011","7","n","",""
"15582522","","Kuma, AKA...","","","Come Closer","2023","5","n","",""
"15573028","","Kumo 99","","","HeadPlate","2023","5","o","",""
"611025","Jesper","Kyd","","","Hitman: Blood Money","2006","7","n","",""
"561891","Jesper","Kyd","","","Hitman: Contracts","2004","7","n","",""
"14593","","Kylie","","","Can't Get You Out of My Head","2001","6","n","",""
"3715483","The","Kyoto Connection","","","FATHER | SON","2011","7","n","",""
"2581516","","Lady Gaga","","","Dance in the Dark","2009","5","n","",""
"366482","","Ladytron","","","Destroy Everything You Touch","2005","7","n","",""
"1507925","","Ladytron","","","Ghosts","2008","6","n","",""
"742373","","Ladytron","","","International Dateline","2005","8","n","",""
"292124","","Ladytron","","","Seventeen","2002","5","n","",""
"313098","","Ladytron","","","Witching Hour","2005","5","n","",""
"16013822","Janis","Lago","","","La:3go","2024","7","n","",""
"6312","","Laibach","","","Macbeth","1990","5","n","",""
"15241796","","Lainist","","","The Nightmare of Fabrication","2023","8","n","",""
"108982","","Lard Free","","","III","1977","4","n","",""
"234852","","Lasgo","","","Something","2001","8","n","",""
"8505218","Robbert","Latumahina","","","Retrofix Nine","2000","5","n","",""
"10051512","","Laureate","","","Eurekaphilia","2019","6","n","",""
"8993591","","Lazerpunk!","","","Death &amp; Glory","2018","7","n","",""
"14896331","","Lazerpunk!","","","Synthicate","2022","6","n","",""
"1047558","","LCD Soundsystem","","","Someone Great","2007","6","n","",""
"14937480","","Lchavasse","","","2015 - 2019","2019","6","n","",""
"9930635","","Lealani","","","Fantastic Planet","2019","5","n","",""
"13894524","Liu","Lee","","","Jasmine","2021","0","n","",""
"3410606","","Legend B","","","Voyage / Journey","2001","8","n","",""
"13099373","","leroy","","","Dariacore","2021","0","n","",""
"14548409","","leroy","","","S3 E9 I Hate When Boys Lie","2022","6","n","",""
"12800799","Laura","Les","","","Haunted","2021","6","n","",""
"9103587","","Let's Eat Grandma","","","I'm All Ears","2018","7","n","",""
"11776925","Pascal","Letoublon","","","Friendships","2017","8","n","",""
"15314258","","lexycat","","","flowerfield","2023","4","n","",""
"15688119","","L.F.T.","","","Electric Vampire","2024","6","n","",""
"5155388","","Liars","","","Mess","2014","0","n","",""
"12655297","","Lil Texas","","","Louder","2021","4","o","",""
"9058624","","Lil Yachty","","","Lil Boat 2","2018","8","n","",""
"13224007","","Lily of the Moon","","","All of Yr Wishes + Dreams","2021","2","n","",""
"9488338","","Limewax &amp; Current Value","","","All Ends EP","2009","8","n","",""
"12875527","","Limp Pumpo","","","Limp Pumpo Full Discography","2021","6","n","",""
"12138885","Maggie","Lindemann","","","Scissorhands","2020","6","n","",""
"10296387","","Lingua Ignota","","","Caligula","2019","4","o","",""
"10411592","","Lingua Ignota","","","Do You Doubt Me Traitor","2019","4","n","",""
"8072900","","Lingua Ignota","","","Let the Evil of His Own Lips Cover Him","2017","6","n","",""
"14822413","Tek","lintowe","","","Good Times and No Regrets","2022","7","n","",""
"15530462","Dua","Lipa","","","Houdini","2023","4","n","",""
"13179285","Dua","Lipa","","","Love Again","2021","7","n","",""
"7512900","Paul","Lipson, Lennie Moore, Tom Salta, Brian Trifon and Brian Lee White","","","Halo 2: Anniversary","2014","4","o","",""
"2985784","","Little People","","","Mickey Mouse Operation","2006","7","n","",""
"4944632","","Liz Triangle","","","ポーカーフェイサー (Poker Facer)","2013","6","n","",""
"10338094","","ll nøthing ll","","","Death","2019","8","n","",""
"16021100","","llwll","","","Alea iacta est","2024","5","n","",""
"14621356","","llwll","","","passing","2022","7","n","",""
"14310068","","llwll","","","Spread Your Wings and Fly","2022","7","n","",""
"3087138","","Locrian","","","The Crystal World","2010","6","o","",""
"7204780","Sophia","Loizou","","","Singulacra","2016","7","o","",""
"752052","The","London Symphony Orchestra","","","The Imperial March (Darth Vader's Theme) / The Battle in the Snow","1980","7","n","",""
"15360868","","LonelyFriendly","","","MANIFIE$TO DIVINO","2023","7","n","",""
"15660351","","Lone Sentinel","","","Tears Upon My Armor","2024","6","n","",""
"976403","","Long Distance Calling","","","Satellite Bay","2007","6","n","",""
"14498852","","Longsword","","","Warsongs","2022","5","n","",""
"12148759","","Loopop","","","Loopop One","2020","7","n","",""
"4879347","","Lorde","","","Ribs","2013","7","n","",""
"82789","The","Lord Weird Slough Feg","","","Down Among the Deadmen","2000","6","n","",""
"14747216","","Loreen","","","Neon Lights","2022","8","o","",""
"8117341","","Loreen","","","Statements","2017","6","n","",""
"13668355","","Lucrecia","","","Brotherhood","2017","7","n","",""
"15825506","","Lucrecia","","","Meyneth","2024","6","n","",""
"13743288","","Lucrecia","","","Sleeping Slaves of Fate","2021","7","n","",""
"15410864","","Lumi Athena","","","Icewhore!","2023","8","o","",""
"15147320","","Lumi Athena","","","Smoke It Off!","2022","6","o","",""
"15485344","","Lumi Athena, xxanteria &amp; jnhygs","","","REPL4CE!","2023","6","o","",""
"89890","","Lustmord","","","The Place Where the Black Stars Hang","1994","7","n","",""
"107626","","Lustmørd","","","Heresy","1990","6","n","",""
"8506240","","Lutea","","","Rose Armor","2017","5","o","",""
"94050","David","Lynch &amp; Alan R. Splet","","","Eraserhead","1982","7","n","",""
"15946580","","M4ik","","","The Panther","","7","n","",""
"197511","","M83","","","Before the Dawn Heals Us","2005","0","n","",""
"3570806","","M83","","","Hurry Up, We're Dreaming","2011","7","n","",""
"3570881","","M83","","","Midnight City","2011","8","o","",""
"15306050","","M83","","","Solitude (Felsmann + Tiley Reinterpretation)","2020","9","n","",""
"9528119","Grant","MacDonald","","","Ram Ranch 7","2018","1","n","",""
"4605659","","Machinedrum","","","Vapor City","2013","7","n","",""
"8310300","","Machine Girl","","","Bitten Twice","2017","5","n","",""
"14793281","","Machine Girl","","","Neon White: Part 1 - &#34;The Wicked Heart&#34;","2022","8","n","",""
"11405932","","machineplus","","","No Moons","2020","4","o","",""
"12535230","","machineplus","","","NO SUNS","2021","7","n","",""
"174011","The","Mad Capsule Markets","","","CiSTm K0nFLiqT","2004","5","n","",""
"11962864","","Madeon","","","12122017","2020","6","o","",""
"12274714","","Mad Essence","","","The Illusion of Reality","2010","6","n","",""
"11346525","Hark","Madley","","","The Future Is The Question!","2020","5","n","",""
"103763","","Madonna","","","Live to Tell","1986","5","n","",""
"94057","","Madonna","","","What It Feels Like for a Girl","2001","6","n","",""
"8429179","","Maduk","","","Ghost Assassin","2012","10","o","",""
"10127241","","Maenad Veyl","","","Body Count","2019","7","o","",""
"13297734","","Magdalena Bay","","","Chaeri","2021","8","o","",""
"14835420","","Magdalena Bay","","","Chaeri (Danny L Harle Remix)","2022","8","n","",""
"9801127","","Magdalena Bay","","","Ghost","2018","6","n","",""
"15936701","","Magdalena Bay","","","Image","2024","6","n","",""
"15948236","","Magdalena Bay","","","Imaginal Disk","2024","6","n","",""
"13613519","","Magdalena Bay","","","You Lose!","2021","5","n","",""
"33475","","Magma","","","Üdü Ẁüdü","1976","6","n","",""
"201","The","Magnetic Fields","","","69 Love Songs","1999","6","n","",""
"10560344","Tkay","Maidza","","","Awake","2019","6","n","",""
"15340458","Tkay","Maidza &amp; Flume","","","Silent Assassin","2023","6","o","",""
"21121","","MALICE MIZER","","","薔薇の聖堂","2001","7","n","",""
"15951115","","MALNEEZY","","","To Cause Harm","2024","7","n","",""
"57820","","Mandalay","","","Instinct","2000","8","n","",""
"15495695","","MandoPony","","","Survive the Night","2014","7","n","",""
"13697580","","Mandy, Indiana","","","... EP","2021","7","n","",""
"15506738","","Mannequin Pussy","","","I Got Heaven","2024","7","n","",""
"2984","Clint","Mansell Featuring Kronos Quartet","","","Requiem for a Dream","2000","7","n","",""
"12383011","Juçara","Marçal","","","Delta Estácio Blues","2021","5","n","",""
"11915723","","Mareux","","","The Perfect Girl","2019","8","n","",""
"12955828","","MARINA","","","Purge the Poison","2021","3","n","",""
"9119348","","-Masa Works Design-","","","ADULTRAZ","2018","4","n","",""
"120255","","Massive","","","Unfinished Sympathy","1991","4","n","",""
"34518","","Massive Attack","","","100th Window","2003","5","n","",""
"13626656","","Massive Attack","","","Angel","1998","8","n","",""
"109598","","Massive Attack","","","Angel","1998","8","n","",""
"2539","","Massive Attack","","","Blue Lines","1991","5","n","",""
"2542","","Massive Attack","","","Mezzanine","1998","6","n","",""
"74180","","Massive Attack","","","Teardrop","1998","6","n","",""
"11063078","","Master Boot Record","","","Floppy Disk Overdrive","2020","0","n","",""
"166970","","Matia Bazar","","","Elettrochoc","1983","2","n","",""
"16009799","","Maul","","","Riverside","","8","n","",""
"4145408","John","Maus","","","Hey Moon","2011","6","n","",""
"3623956","Michael","McCann","","","Deus Ex: Human Revolution","2011","7","n","",""
"20027","Abigail","Mead","","","Full Metal Jacket","1987","6","n","",""
"16190219","Jones","Meadow","","","Mercenary - EP","","7","n","",""
"14900990","","Meadow Grove","","","The Silent Battlefield","2022","5","n","",""
"5517326","","Mega Drive","","","198XAD","2014","5","o","",""
"15158932","","Mega Drive","","","200XAD","2023","5","n","",""
"8626769","The","Megas","","","History Repeating: Red","2014","4","n","",""
"9710415","Charlie","Megira and The Hefker Girl","","","Charlie Megira und the Hefker Girl","2006","6","n","",""
"15184545","","Melati ESP","","","Hipernatural","2023","8","n","",""
"2316784","","Mell","","","Red Fraction","2006","5","n","",""
"8523854","","Men I Trust","","","Men I Trust","2014","8","n","",""
"16134532","","Merlin Entertainment CNY","","","Estaxiones 223","","7","n","",""
"120128","","Mesh","","","In This Place Forever","1996","6","n","",""
"42498","","Messiah","","","21st Century Jesus","1993","6","o","",""
"1593","","Metallica","","","Master of Puppets","1986","5","n","",""
"1225777","","Metallica","","","Ride the Lightning","1984","5","n","",""
"14661561","","Metatron Omega","","","ISIH","2022","6","n","",""
"10924082","","MGMT","","","In the Afternoon","2019","7","n","",""
"1804091","","MGMT","","","Kids","2008","8","n","",""
"8666750","","MGMT","","","Little Dark Age","2017","5","n","",""
"15786340","","MGNA Crrrta","","","Island Paradise","2024","6","n","",""
"7982118","","M.I.A.","","","Pull Up the People","2004","6","n","",""
"7982046","","M.I.A.","","","Steppin Up","2010","5","n","",""
"7982057","","M.I.A.","","","Teqkilla","2010","6","o","",""
"2908108","","M.I.A.","","","XXXO","2010","9","n","",""
"4963752","","MIA","","","MATANGI Mix for Kenzo","2013","5","n","",""
"37920","The","Microphones","","","Mount Eerie","2003","4","o","",""
"15058242","","Midbooze","","","Suburban Dystopia","2022","8","n","",""
"16291816","","Mid Kid and the Master Plan","","","ME.V.ME","2025","3","n","",""
"7592416","The","Midnight","","","Endless Summer","2016","6","n","",""
"656552","","Milanese","","","Extend","2006","0","n","",""
"129197","Robert","Miles","","","Children","1996","8","n","",""
"7210","Robert","Miles","","","Dreamland","1996","8","o","",""
"15616079","","Mili","","","Compass","2023","6","n","",""
"7801596","","Mili","","","Miracle Milk","2016","5","n","",""
"9651074","","Mili","","","Rightfully","2018","10","n","",""
"10717562","","Mili","","","Within","2018","8","n","",""
"5279448","","Millie &amp; Andrea","","","Drop the Vowels","2014","7","n","",""
"935368","","mind.in.a.box","","","Crossroads","2007","6","n","",""
"326880","","mind.in.a.box","","","Dreamweb","2005","6","n","",""
"236297","","mind.in.a.box","","","Lost Alone","2004","5","n","",""
"6108204","","mind.in.a.box","","","Memories","2015","0","n","",""
"6323678","","Ministry","","","Trax! Box","2015","9","n","",""
"793826","Kylie","Minogue","","","Cowboy Style","1998","4","n","",""
"15633668","","MINTTT","","","elgnislaud2023","2024","4","o","",""
"12617719","","MINTTT","","","Memories Don't Count for the Dead","2020","7","o","",""
"6486861","","Miracle of Sound","","","Level 5","2014","6","n","",""
"10814900","","Misanthrop","","","Analog","2019","6","n","",""
"11331100","","Misanthrop","","","Turbine","2019","7","n","",""
"7905719","","Missing Heart","","","Mystery","2000","7","o","","MP3"
"15627703","","Miss Twee","","","Pure Lipgloss Artifice","2024","6","n","",""
"13047399","","Mithril Axe","","","Arkaren harria","2021","7","n","",""
"13105885","","Mittsies","","","Alchemy","2021","8","n","",""
"8462327","","Moa Pillar","","","Hymns","2017","6","n","",""
"4394881","","Moderat","","","II","2013","6","n","",""
"2126653","","Moderat","","","Moderat","2009","8","o","",""
"900249","","Modeselektor","","","Happy Birthday!","2007","0","o","",""
"8589994","Steve","Monite / Tabu Ley Rochereau","","","Only You / Hafi Deo","2017","8","n","",""
"9372241","Robbert","Mononom","","","Untitled","1998","6","n","",""
"12514648","","Monrroe","","","Days Like These","2016","7","o","",""
"3833456","","M|O|O|N","","","MOON EP","2011","7","n","",""
"15877572","","MoonDeity","","","Devil Cry","2023","6","o","",""
"14822782","","MoonDeity","","","Neon Blade","2022","5","n","",""
"6484381","Steve","Moore","","","The Guest","2015","6","n","",""
"16121196","Quincas","Moreira","","","Level Up","","7","n","",""
"15251838","Ron","Morelli","","","Heart Stopper","2023","8","n","",""
"513518","Mark","Morgan","","","Fallout","1997","7","n","",""
"10035017","","Mortiis","","","Spirit of Rebellion","2020","5","o","",""
"137915","","Motorcycle","","","As the Rush Comes","2004","8","n","",""
"2916479","","Mount Kimbie","","","Crooks &amp; Lovers","2010","0","n","",""
"4439958","","Mr.Kitty","","","Eternity","2012","8","n","",""
"4605574","","Mr.Kitty","","","Life","2013","7","n","",""
"5556786","","Mr.Kitty","","","Time","2014","8","n","",""
"16017440","Nick","Murray","","","Aeon","","7","n","",""
"16017441","Nick","Murray","","","Supernatural","","6","n","",""
"7785814","Nick","Murray","","","To the Stars","2016","5","n","",""
"12936863","","MUST DIE!","","","Crisis Vision","2021","5","n","",""
"14967655","","MUST DIE!","","","Feral Fantasy","2022","5","n","",""
"3923853","","My Bloody Valentine","","","When You Sleep","1991","4","n","",""
"537986","","My Chemical Romance","","","The Black Parade","2006","5","n","",""
"14726800","","My!lane","","","Sakura's Shadows","2021","6","n","",""
"14123359","","N0LANDUBZZ","","","N0LANDUBZZ WORLD DEBUT TWERKPROMISES28 #THIS SONG WAS ALREADY TURNT BUT HERES A jersey club dick.wav","2021","6","n","",""
"13265424","","Nanoray","","","Nurse 2","2021","3","o","",""
"12650791","","Nanoray","","","Zapper","2021","6","o","","MP3"
"2069058","","Natural Snow Buildings","","","Daughter of Darkness","2009","7","n","",""
"1836182","","Natural Snow Buildings","","","The Winter Ray","2004","6","n","",""
"28117","","Nature and Organisation","","","Beauty Reaps the Blood of Solitude","1994","8","n","",""
"14269696","","Nauglamír","","","Five Thousand Spears","2021","7","n","",""
"497316","","Navicon Torture Technologies","","","Pure-Skin","2006","7","n","",""
"16323048","","NawnSense! / Glorb","","","Gary Hit'Em (The Bottom 2 Flip)","2025","8","n","",""
"228238","","Nazgûl","","","De expugnatione Elfmuth","2002","0","n","",""
"14826911","","Nedaj","","","Genesis","2022","6","o","",""
"294119","","Negative Return","","","First Light / Transcended","1996","7","o","",""
"728826","","Neo","","","Control","2005","6","n","",""
"6216","","NEU!","","","NEU! '75","1975","3","n","",""
"4906","","Neurosis","","","Through Silver in Blood","1996","0","n","",""
"14837671","","NewJeans","","","Attention","2022","7","n","",""
"102398","","New Order","","","Bizarre Love Triangle","1986","7","n","",""
"809692","","New Order","","","Blue Monday / The Beach","1983","6","n","",""
"2534","","New Order","","","Low-Life","1985","7","n","",""
"15113632","","New Order","","","Low-Life","2023","7","n","",""
"672511","","New Order","","","The Perfect Kiss / Kiss of Death / Perfect Pit","1985","7","n","",""
"6386917","","NF","","","Mansion","2015","6","n","",""
"12148851","","Nfract","","","Deadlight","2020","7","n","",""
"4158774","Joel","Nielsen","","","Black Mesa","2012","8","n","",""
"10565173","Joel","Nielsen","","","Xen","2019","7","n","",""
"16071178","","Nighthawk22","","","Controlled Chaos","","8","n","",""
"14426816","","Nighthawk22","","","Darkmatter","2007","6","o","",""
"15718490","","Nighthawk22","","","Perfect Storm","2012","9","n","",""
"12257963","The","Night Monitor","","","Perception Report 1","2020","6","n","",""
"15587462","","Night Tapes","","","Drifting","2023","5","n","",""
"15927678","","Nikitotrash","","","Serial Experiments Lain","2022","8","n","",""
"4768809","","Niko","","","Night of Fire","1997","7","n","",""
"4732878","","Nine Inch Nails","","","Copy of a","2013","4","o","",""
"656393","","Nine Inch Nails","","","Happiness in Slavery","1992","5","n","",""
"17680","","Nine Inch Nails","","","Head Like a Hole","1990","5","n","",""
"9566380","","Nine Inch Nails","","","In This Twilight","2007","6","n","",""
"74356","","Nine Inch Nails","","","Into the Void","1999","5","n","",""
"15563941","Yuuna","Nini &amp; Synthion","","","Shoujo Rei","2022","8","n","",""
"13521333","","Ninos du Brasil","","","Antro Pop","2021","5","n","",""
"15108103","","Nitepunk","","","Human","2023","3","n","",""
"11720592","","Nitepunk","","","Red Turbulence EP","2020","4","n","",""
"5564","","Nitzer Ebb","","","Belief","1989","5","n","",""
"6842245","","Nmesh / t e l e p a t h テレパシー能力者","","","ロストエデンへのパス","2015","7","n","",""
"12878981","","No Curfew Kids &amp; Mucoid","","","Icarus","2021","5","n","",""
"50514","","Noise Unit","","","Strategy of Violence","1992","6","n","",""
"7576543","","Noisia","","","Outer Edges","2016","8","n","",""
"2722199","","Noisia","","","Split the Atom","2010","0","n","",""
"827626","","Noisia","","","The Tide / Concussion","2005","6","o","",""
"1852423","","Nostrum","","","Requiem","1996","6","n","",""
"14894203","","Noxw","","","ceil.control","2022","0","n","",""
"17744","","Nurse With Wound","","","Spiral Insana","1986","6","n","",""
"270479","Martin","O'Donnell &amp; Michael Salvatori","","","Halo","2002","9","o","",""
"270477","Martin","O'Donnell &amp; Michael Salvatori","","","Halo 2 Original Soundtrack and New Music Volume One","2004","9","o","",""
"645882","Martin","O'Donnell &amp; Michael Salvatori","","","Halo 2 Original Soundtrack Volume Two","2006","8","n","",""
"15870728","Martin","O'Donnell &amp; Michael Salvatori","","","Halo 2, Vol. 2","","9","o","",""
"1099341","Martin","O'Donnell &amp; Michael Salvatori","","","Halo 3","2007","0","o","",""
"15870714","Martin","O'Donnell &amp; Michael Salvatori","","","Halo 3","","9","n","",""
"2513343","Martin","O'Donnell &amp; Michael Salvatori","","","Halo 3: ODST","2009","8","o","",""
"3162962","Martin","O'Donnell &amp; Michael Salvatori","","","Halo Reach","2010","9","n","",""
"567717","","OceanLab","","","Satellite","2004","7","n","",""
"34369","","Ocean Machine","","","Biomech","1997","6","n","",""
"10258622","","Of Monsters and Men","","","Fever Dream","2019","5","n","",""
"16082656","","Oklou","","","Harvest Sky / Obvious","2024","9","n","",""
"2802421","","Ólafur Arnalds","","","...And They Have Escaped the Weight of Darkness","2010","7","o","",""
"6159584","","Ólafur Arnalds","","","Broadchurch","2015","7","o","",""
"8193438","","Ólafur Arnalds","","","Broadchurch: The Final Chapter","2017","7","n","",""
"2630754","","Ólafur Arnalds","","","Dyad 1909","2009","6","o","",""
"2658094","","Ólafur Arnalds","","","Dyad 1909","2009","0","o","",""
"14288184","","Ólafur Arnalds","","","Endalaus","2010","7","n","",""
"862220","","Ólafur Arnalds","","","Eulogy for Evolution","2007","8","o","",""
"4295908","","Ólafur Arnalds","","","For Now I Am Winter","2013","7","o","",""
"2390965","","Ólafur Arnalds","","","Found Songs","2009","6","o","",""
"12799935","","Ólafur Arnalds","","","Island Songs","2016","6","o","",""
"7364822","","Ólafur Arnalds","","","LateNightTales","2016","7","n","",""
"13709338","","Ólafur Arnalds","","","Near Light","2012","8","n","",""
"14859528","","Ólafur Arnalds","","","Old Skin","2013","9","n","",""
"12799968","","Ólafur Arnalds","","","Partial + Ypsilon (Max Cooper Remixes)","2019","8","o","",""
"9315736","","Ólafur Arnalds","","","Re:member","2018","7","n","",""
"12799912","","Ólafur Arnalds","","","Say My Name","2016","7","n","",""
"6214405","","Ólafur Arnalds &amp; Alice Sara Ott","","","The Chopin Project","2015","6","o","",""
"10979178","","Ólafur Arnalds &amp; Voces8","","","Re:member (Choir Versions)","2019","8","n","",""
"15554611","","Old Gods of Asgard","","","Herald of Darkness","2023","7","n","",""
"14845584","An","Old Sad Ghost","","","A Law","2022","5","n","",""
"14947243","","Old Sorcery","","","Dragon Citadel Elegies","2022","5","n","",""
"2208511","L'","Ombre","","","Letting Go at the Steering Wheel","2009","7","o","",""
"3428415","","Omni Trio","","","The Deepest Cut","1998","6","o","",""
"436382","","Omni Trio","","","The Deepest Cut Vol. 1","1995","6","o","",""
"11155513","","Oneohtrix Point Never","","","Ezra","2015","6","n","",""
"6687375","","Oneohtrix Point Never","","","Garden of Delete","2015","7","n","",""
"8345774","","Oneohtrix Point Never","","","Good Time","2017","7","n","",""
"7030285","","Oneohtrix Point Never","","","I Bite Through It","2015","6","o","",""
"7567086","","Oneohtrix Point Never","","","Mutant Standard","2015","8","n","",""
"3612968","","Oneohtrix Point Never","","","Replica","2011","7","n","",""
"7030273","","Oneohtrix Point Never","","","Sticky Drama","2015","7","n","",""
"1097847","","OneRepublic","","","Dreaming Out Loud","2007","6","n","",""
"2491077","","OneRepublic","","","Waking Up","2009","6","n","",""
"4526687","","Onoken","","","Blue Orb","2011","8","n","",""
"3601631","","Onoken","","","Swell Strings","2003","8","n","",""
"11767695","","onumi","","","Shell","2019","6","o","",""
"135722","","Operation Cleansweep","","","Powerhungry","1996","5","n","",""
"7675","","Opeth","","","Blackwater Park","2001","5","n","",""
"887432","Andy","Oppenheimer","","","New Mexico","1982","6","n","",""
"112082","","Opus III","","","Mind Fruit","1992","6","n","",""
"11113308","","Oranssi Pazuzu","","","Mestarin kynsi","2020","0","n","",""
"1158","","Orbital","","","In Sides","1996","6","n","",""
"1154","","Orbital","","","Orbital [Brown Album]","1993","6","n","",""
"14820385","","Orbital","","","Thirty-Something","2022","8","n","",""
"77043","","Orchestral Manoeuvres in the Dark","","","Enola Gay / Annex","1980","6","n","",""
"810183","","Origa","","","Era of Queens","2003","5","n","",""
"248659","","Origin Unknown","","","The Touch / Valley of the Shadows","1993","6","n","",""
"248663","","Origin Unknown","","","Valley of the Shadows","1996","7","n","",""
"14948265","Gio","Orlando","","","Circus Maximus","2022","0","n","",""
"505424","","Orphx","","","Insurgent Flows","2005","7","n","",""
"16041842","","OsTEKKe","","","Underworld","","5","n","",""
"1510159","Alex","Otterlei","","","Xyanide","2005","3","n","",""
"18558","","Over the Rhine","","","Films for Radio","2001","6","n","",""
"12826278","","OVERWERK","","","Vessel","2021","7","n","",""
"4395054","Karen","O with Trent Reznor and Atticus Ross","","","Immigrant Song","2011","4","n","",""
"14347523","","Owlens","","","Hidden Empire","2022","5","n","",""
"9242258","","Owl Vision","","","Fozzor","2018","7","n","",""
"94519","Agustus","Pablo","","","King Tubbys Meets Rockers Uptown","1977","6","n","",""
"13391971","","pachi","","","pachi @ HUSTLAFEST","2021","6","n","",""
"19978","","PainKiller","","","Execution Ground","1994","3","n","",""
"494630","","Pain Station","","","Dead Is Dead","2001","7","n","",""
"16116489","","Panik Deluxe","","","I Was an Apple and I Got Peeled","2024","0","n","",""
"156194","","Pan Sonic","","","Kesto (234.48:4)","2004","7","n","",""
"2534696","","Pantha du Prince","","","Black Noise","2010","8","o","",""
"7176260","","Pantha du Prince","","","The Triad","2016","6","n","",""
"12540077","","ParagonX9","","","Chaoz Airflow","2009","6","n","",""
"9345117","","ParagonX9","","","Chaoz Fantasy","2007","9","n","",""
"12816338","","ParagonX9","","","The Alternate Route","2004","7","n","",""
"8336449","","Paramore","","","Fake Happy","2017","6","n","",""
"8971142","","Paramore","","","Rose-Colored Boy (Mix 2)","2018","8","n","",""
"368971","Bernard","Parmegiani","","","De natura sonorum","1978","5","n","",""
"6171844","","PASTEL GHOST","","","Abyss","2015","0","o","","MP3"
"3247108","Jai","Paul","","","BTSTU","2009","7","o","",""
"15997970","","Paysage d'Hiver","","","Die Berge","2024","6","n","",""
"335099","","Paysage d'Hiver","","","Die Festung","1998","7","n","",""
"335107","","Paysage d'Hiver","","","Nacht","2004","7","o","",""
"335147","","Paysage d'Hiver","","","Paysage d'Hiver","1999","3","n","",""
"347829","","Pendulum","","","Hold Your Colour","2005","6","o","",""
"13665894","","Pensees","","","Murky","2017","8","n","",""
"420265","","Pentatonik","","","Pentatonik","1994","8","n","",""
"4819399","","Perturbator","","","Dangerous Days","2014","7","n","",""
"4350266","","Perturbator","","","I Am the Night","2012","6","n","",""
"8454762","","Perturbator","","","New Model","2017","4","o","",""
"6733553","","Perturbator","","","The Uncanny Valley","2016","6","n","",""
"965044","La","Peste","","","La Peste","2005","4","n","",""
"64151","","Pet Shop Boys","","","It's a Sin / You Know Where You Went Wrong","1987","7","n","",""
"6206121","","Phace","","","Shape the Random","2015","6","n","",""
"339822","","Philharmonia Orchestra / Igor Markevitch","","","Rite of Spring","1960","5","n","",""
"13899500","","Pholo","","","Cold Quartz","2021","6","n","",""
"382702","","Photek","","","Ni - Ten - Ichi - Ryu","1997","7","n","",""
"3388032","","Phutureprimitive","","","Kinetik","2011","6","n","",""
"9887043","","Phutureprimitive","","","Searching for Beauty in the Darkest Places Pt 2","2015","5","n","",""
"969","","Pink Floyd","","","The Wall","1979","6","n","",""
"10841008","","Pink Floyd","","","Wish You Were Here","2013","2","n","",""
"15302307","","PinkPantheress","","","Angel","2023","6","n","",""
"15467642","","PinkPantheress","","","Mosquito","2023","7","n","",""
"4840351","Sebastian","Plano","","","The Arrhythmical Part of Hearts","2011","8","n","",""
"10912064","","Plenka","","","Pt. One","2019","8","n","",""
"579143","","P-Model","","","Perspective","1982","4","n","",""
"509881","","P-Model","","","音楽産業廃棄物〜P-Model or Die","1999","6","n","",""
"178119","","Poco","","","Call It Love / Lovin' You Every Minute","1989","5","n","",""
"9363336","","POiSON GiRL FRiEND","","","Melting Moment","1992","7","n","",""
"12887692","","polyscream &amp; nuphory","","","「 Depthcore 」 / Soul Reattachment Project X-95","2021","6","n","",""
"9577751","The","Pom-Poms","","","The Pom-Poms","2018","8","o","",""
"9572706","","Poppy","","","Am I a Girl?","2018","6","n","",""
"10763794","","Poppy","","","Bloodmoney","2019","4","n","",""
"10387238","","Poppy","","","Choke","2019","7","n","",""
"15135605","","Poppy","","","Church Outfit","2023","4","n","",""
"15510153","","Poppy","","","Hard","2023","10","o","",""
"15350112","","Poppy","","","Knockoff","2023","6","n","",""
"16053771","","Poppy","","","Negative Spaces","2024","0","n","",""
"15891446","","Poppy","","","New Way Out","2024","7","n","",""
"15242882","","Poppy","","","Spit","2023","4","n","",""
"9968005","","Poppy","","","Voicemail","2019","6","n","",""
"15368382","","Poppy","","","Zig","2023","6","n","",""
"8236718","","Porter Ricks","","","Anguilla Electrica","2017","6","n","",""
"2660","","Portishead","","","Dummy","1994","6","n","",""
"966637","","Portishead","","","Glory Box","1995","5","n","",""
"1412503","","Portishead","","","Machine Gun","2008","6","o","",""
"2661","","Portishead","","","Portishead","1997","6","n","",""
"1532435","","Portishead","","","The Rip","2008","6","o","",""
"1263018","","Portishead","","","Third","2008","5","n","",""
"341951","Henri","Pousseur","","","Paysages planétaires","2004","5","n","",""
"10598987","Andrew","Prahlow","","","Outer Wilds","2019","5","n","",""
"15736","Denez","Prigent","","","Irvi","2000","0","n","",""
"8189691","James","Primate","","","Rain World - Selections from the OST","2017","0","n","",""
"11683162","","princess","","","Night Princess","2020","6","o","",""
"3523553","","Princess Chelsea","","","Lil' Golden Book","2011","0","n","",""
"4016924","","Princess Chelsea","","","The Cigarette Duet","2011","6","n","",""
"24462","","Prodigy","","","Firestarter","1996","7","n","",""
"648631","","Prodigy","","","Smack My Bitch Up","1997","6","n","",""
"2095","","Prodigy","","","The Fat of the Land","1997","6","o","",""
"2094","The","Prodigy","","","Music for the Jilted Generation","1994","6","o","",""
"8598461","The","Prodigy","","","No Tourists","2018","5","n","",""
"121024","The","Prodigy","","","Poison","1995","7","n","",""
"9479","","Profanum","","","Profanum Aeternum: Eminence of Satanic Imperial Art","1997","5","n","",""
"4267831","","Project Pitchfork","","","Black","2013","5","n","",""
"795113","","Prometheus","","","Corridor of Mirrors","2007","6","n","",""
"208535","","Prometheus","","","Robot-O-Chan","2004","6","o","",""
"9410","","Propaganda","","","A Secret Wish","1985","5","n","",""
"159517","","Propaganda","","","p:Machinery / Frozen Faces","1985","5","n","",""
"141559","","Propergol","","","Renegade","2001","5","o","",""
"15565665","","Prophet Mountains","","","We Had No Model","2023","6","n","",""
"2484326","The","Protomen","","","Act II: The Father of Death","2009","8","n","",""
"3516863","","Prurient","","","Bermuda Drain","2011","6","n","",""
"6166698","","Prurient","","","Frozen Niagara Falls","2015","0","n","",""
"4253288","","Prurient","","","Through the Window","2013","7","n","",""
"239302","","Psyche","","","The 11th Hour","2005","0","n","",""
"62214","","Psykosonik","","","Unlearn","1995","6","n","",""
"749457","","Puff Daddy &amp; The Family","","","Victory","1998","9","n","",""
"79049","","Puissance","","","Mother of Disease","1999","7","n","",""
"12438862","","Purification","","","Dwell in the House of the Lord Forever","2020","6","n","",""
"13655048","","purity://filter","","","Babylon Garden","2021","6","n","",""
"12810879","","purity://filter","","","blight","2021","8","n","",""
"14982012","","purity://filter","","","Empathy Purge","2022","7","n","",""
"12612598","","purity://filter","","","Imago","2020","8","o","",""
"13942440","","purity://filter","","","Imago (2)","2021","6","n","",""
"12912456","","purity://filter","","","nova","2021","6","n","",""
"14921163","","purity://filter","","","VEXING/kill for me","2022","6","n","",""
"14607017","","Purity Filter","","","Immortal Spirit","2022","5","n","",""
"14874065","","PVA","","","Bad Dad","2022","8","n","",""
"14834849","","PVA","","","BLUSH","2022","7","o","",""
"14763027","","PVA","","","Untethered","2022","6","n","",""
"15954984","","Q-Factory","","","Final Reckoning","","6","n","",""
"14937120","","QuadratoX","","","Hypnagotheque","2022","0","n","",""
"187372","","Queen","","","Greatest Hits I II &amp; III: The Platinum Collection","2000","8","o","",""
"96113","","Queen","","","The Show Must Go On / Keep Yourself Alive","1991","10","n","",""
"265578","","Queen &amp; David Bowie","","","Under Pressure / Soul Brother","1981","7","n","",""
"15024314","","Queen / David Bowie / Classix Nouveaux","","","Under Pressure / Never Again","1981","9","n","",""
"6883515","The","Queenstons","","","Undertones","2012","5","n","",""
"5858698","","Rabbit Junk","","","Pop That Pretty Thirty","2014","4","n","",""
"623298","","Rabbit Junk","","","Reframe","2006","5","n","",""
"15982891","Roxy","Radclyffe","","","No Mount Forever","2024","8","n","",""
"7377202","","Radiohead","","","Daydreaming","2016","7","n","",""
"3598959","","Radiohead","","","How to Disappear Completely","2000","4","n","",""
"712881","","Radiohead","","","Idioteque","2000","7","o","",""
"46","","Radiohead","","","Kid A","2000","4","n","",""
"4118862","","Raime","","","Quarter Turns Over a Living Line","2012","5","n","",""
"7336695","","Raime","","","Tooth","2016","0","o","",""
"8935298","Lena","Raine","","","Celeste","2018","8","o","",""
"10529094","Lena","Raine","","","Celeste: Farewell","2019","8","o","",""
"11636592","Lena","Raine","","","Minecraft: Nether Update","2020","6","n","",""
"14657162","Lena","Raine / 谷岡久美","Lena","Raine / Kumi Tanioka","Minecraft: Caves &amp; Cliffs","2021","9","n","",""
"13843690","Lena","Raine / 谷岡久美","Lena","Raine / Kumi Tanioka","Minecraft: Caves &amp; Cliffs","2021","7","n","",""
"7211148","","Rainforest Spiritual Enslavement","","","Green Graves","2016","6","n","",""
"15181642","","Raizer","","","Resurrection","2021","6","n","",""
"11656201","","Raja Kirik","","","Rampokan","2020","6","n","",""
"2871","","Rammstein","","","Mutter","2001","5","n","",""
"688543","","Rawthang / Benjie","","","Scorned / AI (Rawthang Remix)","2003","6","n","",""
"140247","","Razed in Black","","","Damaged","2003","5","n","",""
"10176400","","Really Slow Motion","","","Of Mist and Magic","2014","6","n","",""
"7094","","Recoil","","","Bloodline","1992","6","n","",""
"13627652","","Red Velvet","","","Russian Roulette","2016","7","n","",""
"452512","","Reflekt","","","Need to Feel Loved","2005","6","n","",""
"3882013","","Regis","","","1997-1998","2012","5","n","",""
"13083","Steve","Reich and Musicians","","","Music for 18 Musicians","1978","8","o","",""
"15454119","","Relax Musica Zen Club","","","2021 meditazione Buddista - Medita, prega e celebra il compleanno di Buddha con la musica new age","2021","8","n","",""
"13718004","Jane","Remover","","","Frailty","2021","3","n","",""
"12402124","Jane","Remover","","","woodside gardens 16 december 2012","2020","6","n","",""
"237154","The","Residents","","","Animal Lover","2005","0","n","",""
"15819952","Trent","Reznor &amp; Atticus Ross","","","Challengers","2024","5","n","",""
"15797329","Trent","Reznor and Atticus Ross","","","Challengers (MIXED)","2024","7","n","",""
"3112003","Trent","Reznor and Atticus Ross","","","The Social Network","2010","7","n","",""
"15653356","","Rezz","","","CAN YOU SEE ME?","2024","6","n","",""
"116908","Robert","Rich","","","Somnium","2001","7","n","",""
"8878165","","RichaadEB","","","Bullet Hell","2018","0","n","",""
"12242","Robert","Rich &amp; B. Lustmord","","","Stalker","1995","7","n","",""
"11964725","","RINGEX PLASTER","","","12.1: Buy Authority Crossing City","2020","3","o","",""
"16124809","Jukka","Rintamäki","","","Rhythm Leaf","","8","n","",""
"3848675","Stephen","Rippy","","","Halo Wars","2009","7","n","",""
"11250163","","Rival &amp; Cadmium","","","Heartbeat","2018","6","n","",""
"11118785","","Rival, Cadmium &amp; Rogers &amp; Dean","","","I Gave It All","2018","6","n","",""
"14791867","","Rival Consoles","","","Echoes","2022","7","n","",""
"6725638","","Rival Consoles","","","Howl","2015","8","n","",""
"2394209","","Rival Consoles","","","IO","2009","6","n","",""
"8105109","","Rival Consoles","","","Odyssey / Sonne","2015","7","n","",""
"8993793","","Rival Consoles","","","Persona","2018","7","n","",""
"9491370","","Rival Consoles","","","Untravel","2018","8","n","",""
"1256680","Steve","Roach","","","A Deeper Silence","2008","8","n","",""
"9405","Steve","Roach","","","Structures From Silence","1984","7","n","",""
"15767266","Chappell","Roan","","","Good Luck, Babe!","2024","6","n","",""
"15754729","Porter","Robinson","","","Cheerleader","2024","6","n","",""
"15820021","Porter","Robinson","","","Hollowheart","2024","4","n","",""
"12739846","Porter","Robinson","","","Musician","2021","4","n","",""
"11082261","Porter","Robinson","","","Nurture","2021","3","n","",""
"5496191","Porter","Robinson","","","Sad Machine","2014","10","n","",""
"5298962","Porter","Robinson","","","Sea of Voices","2014","9","o","",""
"11926113","Porter","Robinson","","","Secret Sky Set, May 9, 2020","2020","6","o","",""
"11222881","Porter","Robinson","","","Something Comforting","2020","7","n","",""
"5259674","Porter","Robinson","","","Worlds","2014","8","o","",""
"13003527","Porter","Robinson &amp; Totally Enormous Extinct Dinosaurs","","","Unfold","2021","6","n","",""
"2842834","","Robyn","","","Dancing on My Own","2010","7","n","",""
"253783","","Rollergirl","","","Dear Jessie","1999","7","n","",""
"16024083","","ROMANTICA","","","I DON’T LIKE IT","","6","n","",""
"15960898","","ROMANTICA","","","I HART","","8","n","",""
"809102","","ROME","","","Confessions d'un voleur d'âmes","2007","0","n","",""
"2305037","","ROME","","","Flowers From Exile","2009","5","n","",""
"1329522","","ROME","","","Masse Mensch Material","2008","7","n","",""
"15001692","","Romy &amp; Fred again..","","","Strong","2022","8","n","",""
"8407785","","Rone","","","Mirapolis","2017","6","n","",""
"96866","The","Ronettes","","","Be My Baby / Tedesco and Pitman","1963","8","n","",""
"9055221","Andreas","Rönnberg","","","Cry of Fear (Official Soundtrack)","2012","7","n","",""
"8703785","","rook","","","PHOSPHOR II: CODED REMAINS (HD SUFFER MIX)","2017","6","n","",""
"14861037","Ada","Rook","","","Dont Wake","2022","5","n","",""
"14330270","Ada","Rook","","","UGLY DEATH NO REDEMPTION ANGEL CURSE I LOVE YOU","2022","7","n","",""
"8824910","","rook&amp;nomie","","","Superego Royal Jelly","2017","8","o","",""
"14159541","","Rosalía","","","Saoko","2022","6","n","",""
"13549505","","Ross From Friends","","","Tread","2021","0","n","",""
"2379779","","Rotersand","","","Random Is Resistance","2009","5","n","",""
"5927407","","Rotersand","","","Truth Is Fanatic Again","2014","7","n","",""
"348010","","Rotersand","","","Welcome to Goodbye","2005","6","n","",""
"7033747","","Rotteen","","","The Recovery of the Absolute Artifact","2015","6","n","",""
"6971029","","Rotteen &amp; Friends","","","Bon Voyage","2015","6","n","",""
"5758224","","Rotting Sky","","","Sedation","2014","6","n","",""
"12248790","","RoughSketch","","","FORGOTTEN GEARS","2017","6","n","",""
"16243096","","Royal Philharmonic Orchestra","","","Vivaldi: The Four Seasons - Bach: Brandenburg Concerto No. 3","1996","9","n","",""
"3761915","","Rrose","","","Merchant of Salt","2011","5","n","",""
"2516943","","RTPN","","","2003-2008 Songs","2008","6","n","",""
"8658821","","Rucka Rucka Ali","","","Probably Racist","2011","5","n","",""
"8159793","The","Ruins of Beverast","","","Exuvia","2017","7","n","",""
"12049141","Bree","Runway","","","Little Nokia","2020","7","n","",""
"11437329","Bree","Runway &amp; Yung Baby Tate","","","Damn Daniel","2020","7","n","",""
"583338","Ed","Rush","","","Skylab","1996","6","n","",""
"2299736","Merrilee","Rush","","","Angel of the Morning / A Fool in Love","1977","5","n","",""
"11092734","","Ry X &amp; Ólafur Arnalds","","","Oceans","2020","7","n","",""
"31822","The","Sabres of Paradise","","","Haunted Dancehall","1994","6","n","",""
"31823","The","Sabres of Paradise","","","Sabresonic","1993","6","n","",""
"5200","","Sade","","","Love Deluxe","1992","8","o","","MP3"
"117569","","Sade","","","No Ordinary Love","1992","8","n","",""
"9195317","Tomohiko","Sagae","","","Sensory Deprivation","2017","6","n","",""
"5817925","","Sagittarius V","","","Renegade","2014","7","n","",""
"15181530","","Sa!koro","","","GRACIAS SAIKO 2","2023","5","n","",""
"15122911","","Sa!koro","","","HIEDRA DE MI AMOR","2022","7","n","",""
"7431185","","SALEM","","","Gurn Baby Gurn","2010","7","n","",""
"14013853","","SALEM","","","Till the World Ends","2011","3","n","",""
"15295557","","Saltyk0va","","","Dysphoric Dreamscape","2023","4","o","",""
"11973586","","SALTYK0VA b2b LoL1L00pz","","","Angel Piss","2020","5","n","",""
"13672917","Michael","Salvatori / Skye Lewin","","","Destiny 2: Beyond Light Original Soundtrack","2020","8","n","",""
"15679331","","salv the dog","","","choke it out!","2024","5","n","",""
"15423376","","Sampha","","","Lahai","2023","8","n","",""
"4391663","","Sandwell District","","","Fabric 69","2013","5","n","",""
"15382748","","Sandy Thee Squirrel","","","MHMM","2023","3","n","",""
"8585684","","San Holo","","","I Still See Your Face","2017","9","n","",""
"8752044","","San Holo","","","One Thing","2017","5","n","",""
"2573878","David","Sardy","","","Zombieland","2009","6","o","","MP3"
"7233871","","Sarin","","","Psychic Stress","2015","7","n","",""
"129631","","Sasha","","","Xpander EP","1999","8","n","",""
"86675","","Sasha and John Digweed","","","Northern Exposure","1996","7","n","",""
"4291553","","Savant","","","Alchemist","2012","4","n","",""
"15447769","","sayurblaires","","","sayurprayers (2020-23)","2023","5","n","",""
"193054","","Scanner","","","Hypertrace","1988","6","n","",""
"477093","","Schiller","","","Leben... I Feel You","2004","6","n","",""
"49366","Klaus","Schulze","","","&#34;X&#34;","1978","7","n","",""
"8218","Klaus","Schulze","","","Irrlicht","1972","0","n","",""
"8221","Klaus","Schulze","","","Moondawn","1976","6","n","",""
"8010736","","Schwefelgelb","","","Dahinter das Gesicht","2017","6","o","",""
"15640035","","SCXR SOUL","","","Still Alive","2022","8","o","",""
"5264715","","Sd Laika","","","That's Harakiri","2014","6","n","",""
"192047","","Seabound","","","Poisonous Friend","2004","8","n","",""
"4176360","","Seabound","","","Speak in Storms","2014","6","n","",""
"37270","","Seatbelts","","","Cowboy Bebop","1998","5","n","",""
"1481479","","SebastiAn","","","Motor / Momy / Army","2008","6","n","",""
"14789856","The","Secession","","","Awakening","2018","5","n","",""
"14789995","The","Secession","","","Entering Light","2018","6","n","",""
"16040071","The","Secession","","","Epic Classics","","8","n","",""
"12281176","The","Secession","","","The Untold","2017","7","n","",""
"195013","","Seefeel","","","Fracture / Tied","1994","6","n","",""
"39265","","Seefeel","","","Succour","1995","6","o","",""
"13094553","","Seefeel","","","Succour","2021","6","n","",""
"15124994","","Sega Bodega","","","Kepko (Boys Noize Remix)","2023","9","o","",""
"14053019","","Segunda Mordida / Anthony1","","","Vespucci","2021","5","n","",""
"15112469","","Sentience","","","An Eye for an I","1998","7","n","",""
"32282","","Sephiroth","","","Cathedron","1999","7","n","",""
"422757","","Sephiroth","","","Draconian Poetry","2005","7","n","",""
"2261681","","Serani Poji","","","Bomber Minmi","2003","7","o","",""
"16206209","","Serenity Shelter","","","The Calm Before the Storm","","7","n","",""
"12199216","","Sevdaliza","","","Rhode","2020","3","n","",""
"15946392","Justin","Seven","","","Ultral Dance 07","","7","n","",""
"9468979","","Seven Lions + Blastoyz","","","After Dark","2018","6","n","",""
"153838","","Severed Heads","","","Dead Eyes Opened / Bullett / Mount","1984","5","n","",""
"16271603","Akin","Sevgör","","","Routine - EP","","8","n","",""
"13241127","","Sewerslvt","","","Tortvred Lesbians Ripped Apart","2021","5","n","",""
"9092839","","Sexores","","","East / West","2018","0","n","",""
"4591663","","Shapeshifter","","","Delta","2013","0","n","",""
"10929425","Theodore","Shapiro","","","Bombshell","2019","5","n","",""
"14406167","Theodore","Shapiro","","","Severance: Season 1","2022","6","n","",""
"15412739","","Shiina","","","Hexd Mix Volume 5","2023","5","n","",""
"13399643","","SHIKI","","","Cristierra","2010","7","n","",""
"4050977","Mike","Shinoda &amp; Joseph Trapanese","","","The Raid: Redemption","2012","8","n","",""
"100048","The","Shizit","","","Soundtrack for the Revolution","2001","7","n","",""
"10411819","","ShockOne","","","A Dark Machine","2019","4","o","",""
"7862","Howard","Shore","","","The Lord of the Rings: The Fellowship of the Ring","2001","8","n","",""
"102596","Howard","Shore","","","The Lord of the Rings: The Return of the King","2003","8","n","",""
"29355","Howard","Shore","","","The Lord of the Rings: The Two Towers","2002","7","n","",""
"14159486","Clinton","Shorter","","","The Expanse Season One","2018","6","n","",""
"15749963","","Shum","","","Pulzáló dobok tisztítják meg az eget","2024","7","n","",""
"16161133","","SHXCXCHCXSH","","","......t","2024","7","n","",""
"8834312","","Shygirl","","","MSRYNVR","2017","6","n","",""
"8666039","","Sia","","","Everyday Is Christmas","2017","5","n","",""
"154212","","Siekiera","","","Nowa Aleksandria","1986","0","n","",""
"589146","","Sielwolf","","","IV","1996","8","n","",""
"13604856","","Sienna Sleep","","","20201022","2021","6","o","",""
"13542441","","Sienna Sleep","","","catgirl research party live stream dj set august 7th, 2021","2021","7","n","",""
"10711633","","Sienna Sleep","","","dtoU+f64yzylpqk+xYtxpcXRCt/P56qbut9fNbUrA=","2019","7","n","",""
"14312319","","Sienna Sleep","","","ELeCTRA RAVE","2022","6","n","",""
"10957395","","Sienna Sleep","","","▒√hΣwqú*3.╦π┌ï ì▓δæτ.╓D","2019","8","o","",""
"15998575","","Sienna Sleep","","","Minecraft Rave 20240810","2024","6","n","",""
"11841790","","Sienna Sleep","","","Mix for Garry's Mod Rave","2020","5","n","",""
"10928189","","Sienna Sleep","","","ö÷ÿýúóúóúäûäóëüü÷²ÿûêæóâ÷","2019","7","o","",""
"11970319","","Sienna Sleep","","","QpKd4XbmJEd+7d6fznXNSju42LwEZrIT5BtYso7OIzw=","2020","6","n","",""
"12602222","","Sienna Sleep","","","qtBFTTKMfUUI8eCmQHfLQPFMz/P38VAVHWu/af+3g7c=20210129","2021","7","n","",""
"11428266","","Sienna Sleep","","","Spektator","2020","8","n","",""
"11303987","","Sienna Sleep","","","Tiny Sanctuary - March 2020","2020","7","n","",""
"15862807","","Sienna Sleep","","","T+jry2n4tT3mgkz4UJiVPWEiSh0JPWYpKe4BdhiBupczu+RseQ7uBeX2swFz","2024","6","o","",""
"12885247","","Sienna Sleep","","","Trance 26.2 (Mix for Mecha Fest)","2021","7","n","",""
"12317601","","Sienna Sleep","","","Trance Mix 13.2","2020","7","n","",""
"12012567","","Sienna Sleep","","","Vyvanse Trance Vol. 1-10","2020","7","o","",""
"12394247","","Sienna Sleep","","","YG4z2YxI6Ag3SRveyr5KjPhfx6mQKP1GjEgN8yNe9g=","2020","6","n","",""
"14779790","","Sienna Sleep &amp; Serenity Pill","","","Sienna Sleep &amp; Serenity Pill","2022","7","o","",""
"15179700","","Siiickbrain","","","Bloodpuddle","2023","5","n","",""
"203669","","Simple Plan","","","Still Not Getting Any...","2004","0","o","","MP3"
"113610","Frank","Sinatra","","","My Way","1969","7","n","",""
"283240","","Sinfonieorchester des Hessischen Rundfunks / Chor des Bayerischen Rundfunks / Sinfonieorchester des Südwestfunks / Michael Gielen / Wolfgang Schubert / Ernest Bour / Liliana Poli / Barbro Ericson / Antoinette Vischer","","","Requiem; Lontano; Continuum","1969","9","n","",""
"5612630","","Sinoia Caves","","","Beyond the Black Rainbow","2014","7","n","",""
"10482","","Siouxsie &amp; The Banshees","","","Tinderbox","1986","5","n","",""
"184632","","Siouxsie and The Banshees","","","Cities in Dust / An Execution","1985","5","n","",""
"8060694","","[:SITD:]","","","Trauma:Ritual","2017","6","n","",""
"9147599","","Skee Mask","","","Compro","2018","7","o","",""
"15905033","","Skee Mask","","","Resort","2024","6","n","",""
"7111724","","Skee Mask","","","Shred","2016","6","o","",""
"1852","","Skinny Puppy","","","Last Rights","1992","5","n","",""
"15012061","","skoolio","","","DropLeafShoujo, passing of time EP","2022","7","n","",""
"3933723","","Skrillex","","","Bangarang","2012","4","n","",""
"15139647","","Skrillex","","","Quest for Fire","2023","5","n","",""
"15146804","","Skrillex &amp; Eli Keszler","","","A Street I Know","2023","6","n","",""
"15125352","","Skrillex &amp; Nai Barghouti","","","Xena","2023","2","n","",""
"13221268","","Skrillex, Noisia, Josh Pan &amp; Dylan Brady","","","Supersonic (My Existence)","2021","6","n","",""
"3742231","Johan","Skugge &amp; Jukka Rintamäki","","","Battlefield 3","2011","6","n","",""
"5743376","Johan","Skugge &amp; Jukka Rintamäki","","","Battlefield 4","2013","0","n","",""
"11331225","","SkyTwoHigh","","","歌舞伎町冒険","2020","7","n","",""
"13053290","","Slayyyter","","","Over This!","2021","6","n","",""
"204491","","Sleater-Kinney","","","The Woods","2005","6","n","",""
"3969161","","Sleep Research Facility","","","Stealth","2012","6","n","",""
"13549888","","Sleigh Bells","","","Justine Go Genesis","2021","4","n","",""
"3008281","","Sleigh Bells","","","Tell 'Em / Holly","2010","7","n","",""
"2805026","","Sleigh Bells","","","Treats","2010","6","n","",""
"11197039","","Slint","","","Breadcrumb Trail / Good Morning, Captain","2020","3","n","",""
"8570","","Slint","","","Slint","1994","0","n","",""
"8949847","","Smerz","","","Have Fun","2018","5","n","",""
"15610394","","Smokingskul","","","FA","2024","6","n","",""
"14897653","","Snow Strippers","","","April Mixtape 2","2022","6","n","",""
"14608335","","Snow Strippers","","","Colliding Walls Killing and Fantasy","2022","5","n","",""
"14463805","","Snow Strippers","","","Know My Name","2022","7","n","",""
"15554151","","Snow Strippers","","","Night Killaz Vol. 1","2023","6","o","",""
"14608311","","Snow Strippers","","","Time Warp Angels","2022","5","n","",""
"15225640","","Snow Strippers","","","Under Your Spell / Don't You Feel","2023","8","n","",""
"5655900","","Solanum","","","Spheres of Time","1998","7","n","",""
"6872503","","Solar Fake","","","Another Manic Episode","2015","6","n","",""
"613541","","Solar Fields","","","Leaving Home","2005","5","n","",""
"2265813","","Solar Fields","","","Mirror's Edge","2009","8","n","",""
"12035649","","Solarstone","","","Island","2020","6","n","",""
"9592099","","Solitary Experiments","","","Future Tense","2018","8","n","",""
"1272526","","Solitary Experiments","","","Mind Over Matter","2005","8","n","",""
"9592247","","Sonic Mayhem","","","Quake II","1997","7","n","",""
"9496308","","SOOOO","","","Happppy Songs EP","2018","6","n","",""
"8999872","","SOPHIE","","","Faceshopping","2018","8","n","",""
"8842897","","SOPHIE","","","OIL OF EVERY PEARL'S UN-INSIDES","2018","6","o","",""
"8802495","","SOPHIE","","","Ponyboy","2017","5","n","",""
"6789509","","SOPHIE","","","PRODUCT","2015","6","o","",""
"12443949","","SOPHIE","","","TRANSNATION","2020","6","n","",""
"148896","","Sora","","","re.sort","2003","6","n","",""
"3743186","Jeremy","Soule","","","The Elder Scrolls V: Skyrim","2011","8","o","",""
"965593","","Source Direct","","","The Crane / Artificial Barriers","1996","7","n","",""
"10483842","","Space Laces","","","Vaultage 001","2018","4","o","",""
"10194","","Sparks","","","№ 1 in Heaven","1979","5","n","",""
"44070","","Speedy J","","","A Shocking Hobby","2000","7","o","",""
"44069","","Speedy J","","","Loudboxer","2002","5","o","",""
"13086151","","SPELLLING","","","Boys at School","2021","6","n","",""
"15786964","","Spife","","","Good King Lercel: Besieged by the Tyrant","2024","6","n","",""
"15973591","","spiky","","","孤","2024","7","n","",""
"15947416","","Spiral into the Storm","","","A Futile Veneer","","8","n","",""
"11721339","","Spiritbox","","","Holy Roller","2020","7","n","",""
"32233","","SPK","","","Zamia Lehmanni: Songs of Byzantine Flowers","1986","6","n","",""
"15131834","","Spotlights","","","Alchemy for the Dead","2023","6","n","",""
"15692974","","Spring Branch","","","Music for Fictional Video Games","2023","6","n","",""
"15823","","Squarepusher","","","Port Rhombus EP","1996","6","n","",""
"106443","","Squarepusher","","","Ultravisitor","2004","0","n","",""
"169496","","Squarepusher","","","Venus No.17","2004","7","n","",""
"12589453","","Squid","","","Narrator","2021","4","n","",""
"16233859","","SQUIDGY","","","NEO REVOLUTION","2025","9","n","",""
"3181508","De","Staat","","","Machinery","2011","0","n","",""
"5074021","","Starbomb","","","Starbomb","2013","4","n","",""
"67031","Ann","Steel","","","Ann Steel","1979","6","n","",""
"157","","Stereolab","","","Dots and Loops","1997","7","n","",""
"177560","Cat","Stevens","","","Moon Shadow / Father and Son","1970","6","n","",""
"11705357","Sufjan","Stevens","","","My Rajneesh","2020","5","n","",""
"11423054","Fox","Stevenson","","","Glue Gun / Never Before","2018","6","n","",""
"1084735","","Sting","","","Shape of My Heart / If I Ever Lose My Faith in You","1993","8","n","",""
"5442470","Lindsey","Stirling","","","Shatter Me","2014","5","n","",""
"14548703","Andy","Stott","","","Faith in Strangers","2014","7","o","",""
"5856617","Andy","Stott","","","Faith in Strangers","2014","7","n","",""
"10811498","Andy","Stott","","","It Should Be Us","2019","0","o","","MP3"
"4119364","Andy","Stott","","","Luxury Problems","2012","7","o","",""
"3474620","Andy","Stott","","","Passed Me By","2011","6","n","",""
"14548698","Andy","Stott","","","Violence","2014","6","n","",""
"3638583","Andy","Stott","","","We Stay Together","2011","5","n","",""
"11312291","","Strawberry Hospital","","","Phantasmaphilia","2020","7","n","",""
"8476627","","Street Sects","","","Rat Jacket","2017","6","n","",""
"14902958","","Street Sects","","","X Amount","2022","6","n","",""
"9500226","","Striations","","","Vietnamization","2018","5","n","",""
"16220907","","STRLGHT &amp; Roonin","","","Rage Quit","2024","7","n","",""
"3627739","The","Strokes","","","Machu Picchu","2011","6","n","",""
"14342764","","Strung","","","AugmA II Arc I (Original Soundtrack)","2021","0","n","",""
"15725576","","St. Vincent","","","Broken Man","2024","5","n","",""
"1948977","","Styles of Beyond","","","Grant Mohrman Remixes","2007","7","n","",""
"1500004","","Subheim","","","Approach","2008","7","o","",""
"1140714","","Suicide","","","Surrender / Rain of Ruin","1988","5","n","",""
"976539","","Suicide Commando","","","X.20","2007","7","n","",""
"12048158","","Sully","","","Swandive","2020","6","o","",""
"5832107","","Summer of Haze","","","Jessica","2014","7","n","",""
"17468","","Summoning","","","Dol Guldur","1997","5","n","",""
"22245","","Summoning","","","Let Mortal Heroes Sing Your Fame","2001","6","n","",""
"5097","","Summoning","","","Minas Morgul","1995","6","n","",""
"22243","","Summoning","","","Nightshade Forests","1997","6","n","",""
"512300","","Summoning","","","Oath Bound","2006","7","n","",""
"4337896","","Summoning","","","Old Mornings Dawn","2013","8","n","",""
"22244","","Summoning","","","Stronghold","1999","6","n","",""
"6909565","Susanne","Sundfør","","","Accelerate","2015","7","n","",""
"3856012","Susanne","Sundfør","","","White Foxes","2012","5","n","",""
"34675","","S.U.N. Project","","","Macrophage","1998","0","o","",""
"15362010","","Supasonic","","","Lullabow","2004","7","n","",""
"59571","The","Supremes","","","You Can't Hurry Love / Put Yourself in My Place","1966","7","n","",""
"192007","","Surgeon","","","Force + Form","1999","6","n","",""
"217573","","Surgeon","","","Surgeon","1995","6","o","",""
"1257911","","Surgeon","","","This Is for You Shits","2007","5","n","",""
"9458013","","SVDDEN DEATH","","","VOYD Vol. 1","2018","6","n","",""
"51085","","Sweet Trip","","","Velocity : Design : Comfort","2003","5","n","",""
"1803260","Taylor","Swift","","","Fearless","2008","5","n","",""
"4127758","Taylor","Swift","","","Red","2012","5","n","",""
"21145","","Switchblade Symphony","","","The Three Calamities","1999","0","n","",""
"16036","","Sylver","","","Chances","2001","6","o","",""
"354404","","Sylver","","","Turn the Tide","2001","6","n","",""
"14903145","","Synchronice","","","Synchronice","2018","5","n","",""
"15913030","","Syzy","","","The weight of the world","2024","7","n","",""
"2197866","Alek","Száhala","","","Xochitlán","2003","0","w","","MP3"
"11207757","","T5UMUT5UMU","","","Incantation","2020","4","n","",""
"11699227","","Taishi","","","Phant Solo II","2018","7","n","",""
"9221761","","Taishi / Nhato / zts","","","Phant","2016","7","n","",""
"15435300","","T &amp; Sugah","","","Danger","2023","6","n","",""
"1176276","","Tangerine Dream","","","Booster","2007","8","n","",""
"21742","","Tangerine Dream","","","Encore","1977","4","n","",""
"8193","","Tangerine Dream","","","Phaedra","1974","7","n","",""
"8194","","Tangerine Dream","","","Rubycon","1975","7","n","",""
"16160653","","Tangerine Dream","","","The Very Best of Tangerine Dream","2008","6","n","",""
"5738166","Cristobal","Tapia de Veer","","","Utopia","2013","0","n","",""
"6016546","Cristobal","Tapia de Veer","","","Utopia²","2014","0","n","",""
"9055075","","TaQ","","","Bounce Connected","2003","0","n","",""
"913464","","t.A.T.u.","","","Dangerous and Moving","2005","7","n","",""
"2602813","","t.A.T.u.","","","Waste Management","2009","6","n","",""
"2948101","","t.A.T.u.","","","Люди-инвалиды","2005","10","n","",""
"10777893","Patricia","Taxxon","","","Foley Artist","2019","6","n","",""
"12268864","Patricia","Taxxon","","","Heaven's Sun","2020","6","n","",""
"10866681","Patricia","Taxxon","","","Pix &amp; Bit","2019","4","o","",""
"15517924","Patricia","Taxxon","","","TECHDOG 5","2023","5","n","",""
"11860451","","Team Mekano","","","Classic_Project_2000.3gp","2020","2","n","",""
"16102102","","Team Mekano","","","Mekano World Order","2024","6","n","",""
"14563214","","Team Mekano","","","mekanoworld.xyz","2022","4","n","",""
"5267","","Tears for Fears","","","The Hurting","1983","4","n","",""
"17708","","Techno Animal","","","Re-Entry","1995","6","n","",""
"71062","","Techno Animal","","","The Brotherhood of the Bomb","2001","6","n","",""
"3568756","","Teeth","","","Whatever","2011","2","n","",""
"15877562","","Tekknő","","","Ilomilo Tekkno - Single","","6","o","",""
"13260585","","Teklintowe-P","","","Unlenting","2021","4","n","",""
"6187986","","t e l e p a t h テレパシー能力者","","","アンタラ通信","2015","5","n","",""
"7013393","","t e l e p a t h テレパシー能力者","","","星間性交","2015","8","n","",""
"6106747","","t e l e p a t h テレパシー能力者","","","現実を超えて","2014","6","n","",""
"2628948","The","Temper Trap","","","Sweet Disposition","2009","8","n","",""
"15983244","","Tenth Dimension","","","Singularity","","8","n","",""
"6194354","Dan","Terminus","","","The Wrath of Code","2015","6","n","",""
"10689","","Testament","","","The New Order","1988","6","n","",""
"16442251","Lorien","Testard","","","Clair Obscur: Expedition 33","2025","10","n","",""
"33287","","Test Dept. &amp; Brith Gof","","","Gododdin","1989","5","n","",""
"13752982","","Tevvez","","","Phantom","2020","8","n","",""
"6703342","","That Poppy","","","Lowlife","2015","8","n","",""
"16158112","","Theatre of Delays","","","Obsessions - Single","","8","n","",""
"9113853","","TheFatRat","","","Mayday","2018","5","n","",""
"1192962","","Theremyn_4","","","Lima / Tokyo / Lima","2004","5","n","",""
"11765","","Therion","","","Theli","1996","7","n","",""
"110855","The","Third Eye Foundation","","","Ghost","1997","0","n","",""
"124184","The","Third Eye Foundation","","","Semtex","1996","6","n","",""
"3054277","The","Third Eye Foundation","","","The Dark","2010","7","n","",""
"15504022","","Thirtytwobitwhore.","","","Trust Me, One Day This Will All Make Sense.","2023","5","n","",""
"221132","","This Morn' Omina","","","Le serpent blanc ~ Le serpent rouge","2003","6","n","",""
"96572","","This Mortal Coil","","","Song to the Siren / Sixteen Days (Reprise)","1983","5","n","",""
"123580","","Three Days Grace","","","I Hate Everything About You","2004","6","n","",""
"6372644","","Throwing Snow","","","Lumen","2015","6","n","",""
"15956851","","Thylacine","","","Singles","","7","n","",""
"162501","","Tiësto","","","Just Be","2004","0","n","",""
"7425002","","Tiësto","","","Parade of the Athletes","2004","6","n","",""
"227874","","Tiësto","","","Parade of the Athletes","2004","6","n","",""
"64563","","Tiffany","","","Tiffany","1987","0","n","",""
"234926","","Timecode","","","Moving Shadow 01.1","2001","5","o","",""
"8875448","","t.Komine","","","こちら、幸福安心委員会です。","2012","7","n","",""
"16055913","","TMM43","","","The 7th Day","","9","n","",""
"15926120","","TNT Records Beats","","","Bring It (Hip-Hop Version)","2021","6","n","",""
"16025006","","TNT Records Beats","","","Symphony","","8","n","",""
"15970623","","TNT Records Beats","","","Tomorrow","","7","n","",""
"24119","Amon","Tobin","","","Out From Out Where","2002","5","o","",""
"14080648","","TOMBOY","","","Love","2020","5","n","",""
"10933254","","tomoe_✧theundy1ng","","","Rare RCB hexD.mp3","2019","6","n","",""
"15081910","","Tongue Depressor","","","Bones for Time","2023","6","n","",""
"77023","","Toto","","","Africa / We Made It","1982","5","n","",""
"2706299","","Toundra","","","(II)","2010","6","n","",""
"14952723","","Tove Lo","","","Grapefruit","2022","7","n","",""
"15287567","","Tove Lo","","","I like u","2023","5","n","",""
"10448360","","Towers","","","Towers","2019","6","n","",""
"2117330","The Devin","Townsend Project","","","Addicted","2009","5","n","",""
"11816400","","TR3$PA$$3R$","","","TR3$PA$$3R$","2020","7","n","",""
"15887499","","TR3NVHN","","","Семья (feat. Anor)","2022","9","o","",""
"15479954","","Trance Wax","","","Open Up the Night","2023","7","n","",""
"346380","","Trapt","","","Headstrong","2002","7","n","",""
"27967","","Trapt","","","Trapt","2002","0","n","",""
"6520955","","Treyarch Sound","","","Call of Duty: Black Ops - Zombies","2011","8","n","",""
"12216519","","Trhä","","","Novej kalhnjënno","2020","5","n","",""
"11342735","","Trhä","","","Nvenlanëg","2020","7","n","",""
"4989421","","Tropic of Cancer","","","Secret Thirteen Mix 042","2012","6","n","",""
"10117646","","TR/ST","","","Grouch","2019","5","n","",""
"5239386","","Trust","","","Capitol","2013","4","n","",""
"163253","","Tubeway Army","","","Are 'Friends' Electric? /  We Are So Fragile","1979","4","n","",""
"9519136","Yves","Tumor","","","Licking an Orchid","2018","5","o","",""
"3262815","Robert","Turman","","","Way Down","1987","7","n","",""
"15971783","","TURQUOISEDEATH","","","Kaleidoscope","2024","7","n","",""
"5691605","","TV on the Radio","","","Seeds","2014","0","o","",""
"5801765","","TVOTR","","","Happy Idiot","2014","7","n","",""
"3656689","","Twenty / One / Pilots","","","Twenty / One / Pilots","2009","6","n","",""
"4322962","","Twenty One Pilots","","","Vessel","2013","6","n","",""
"6443160","","Twenty Øne Piløts","","","Blurryface","2015","6","n","",""
"9393270","","Twenty Øne Piløts","","","Trench","2018","7","n","",""
"14992795","","Twisted","","","Worth Nothing","2022","6","n","",""
"28664","","Two Lone Swordsmen","","","Tiny Reminders","2000","7","n","",""
"3675087","","Two Steps From Hell","","","Archangel","2011","8","o","",""
"6439956","","Two Steps From Hell","","","Battlecry","2015","7","n","",""
"2949826","","Two Steps From Hell","","","Invincible","2010","6","o","",""
"4254756","","Two Steps From Hell","","","SkyWorld","2012","7","n","",""
"8607354","","Two Steps From Hell","","","Unleashed","2017","7","n","",""
"6201863","","Tzusing","","","A Name Out of Place Pt. II","2015","6","n","",""
"15225320","","Tzusing","","","Crack Mix 495","2023","7","n","",""
"14094262","","Tzusing","","","Next Life","2021","6","o","",""
"11902458","","Tzusing","","","RA.741","2020","7","n","",""
"8054687","","Tzusing","","","東方不敗","2017","6","o","",""
"15123698","","Tzusing","","","绿帽","2023","4","n","",""
"15926895","","Uboa","","","Impossible Light","2024","6","n","",""
"10003476","","Uboa","","","The Origin of My Depression","2019","7","n","",""
"633897","Matt","Uelmen","","","Diablo II","2000","6","n","",""
"3675","Nobuo","Uematsu","","","ファイナルファンタジーVII","1997","3","n","",""
"15737098","","Ulcerate","","","Cutting the Throat of God","2024","7","n","",""
"7903425","","Uli K","","","Itami","2016","4","n","",""
"22379","","Ulver","","","Perdition City","2000","8","n","",""
"8840097","","Umwelt","","","Encoding The Future","2017","6","n","",""
"48796","","Underworld","","","Pearl's Girl","1996","0","n","",""
"762872","","Underworld","","","Pearl's Girl (Tin There)","1996","8","n","",""
"3718","","Underworld","","","Second Toughest in the Infants","1996","7","n","",""
"75151","","Underworld","","","Two Months Off","2002","6","n","",""
"2048","","UNKLE","","","Psyence Fiction","1998","5","n","",""
"307118","","UR","","","The Final Frontier","1991","4","n","",""
"634164","","U-R-I","","","The Bone Tree Soundtracks, Volume One","2000","7","n","",""
"15926131","","UROBOROS","","","Left Cold","2019","6","n","",""
"3860963","","Utarm","","","Apocryphal Stories","2012","8","o","",""
"13532077","","Valet","","","Adore","2021","6","n","",""
"5030","","Vangelis","","","Blade Runner","1994","8","n","",""
"21231","","Vangelis","","","Heaven and Hell","1975","4","o","",""
"6471881","","Varien","","","Valkyrie","2014","9","n","",""
"15968166","","Various Artists","","","Allez ! On danse alors - 50 French Sax Club Hits","","6","n","",""
"16005597","","Various Artists","","","All Nighter Vol. 9","2024","0","n","",""
"13160935","","Various Artists","","","Black Ops XL III","2020","6","n","",""
"10794693","","Various Artists","","","Borderlands 3","2019","7","n","",""
"16235975","","Various Artists","","","Bratt Sinclair Eurobeat Style, Vol. 11","2019","0","n","",""
"9017753","","Various Artists","","","Celeste B-Sides","2018","7","o","",""
"10124870","","Various Artists","","","Devil May Cry 5","2019","0","n","",""
"7020079","","Various Artists","","","Escapism 2 (Liquicity Presents)","2014","7","n","",""
"40056","","Various Artists","","","Hitsville USA: The Motown Singles Collection 1959-1971","1992","9","n","",""
"8449281","","Various Artists","","","Homieland vol. 1","2014","7","n","",""
"6297195","","Various Artists","","","Hotline Miami 2: Wrong Number","2015","6","o","",""
"15016086","","Various Artists","","","Mission 02","2022","5","n","",""
"9300153","","Various Artists","","","Modeselektion, Vol. 04","2018","6","o","",""
"8073714","","Various Artists","","","Mono no aware","2017","6","n","",""
"8820979","","Various Artists","","","NCS: The Best of 2015","2015","6","n","",""
"1960445","","Various Artists","","","Need for Speed III: Hot Pursuit - The Album","1998","5","n","",""
"15982601","","Various Artists","","","New Life","","9","n","",""
"15634519","","Various Artists","","","nightcore4totalsluts VA5 XO","2023","6","n","",""
"11308860","","Various Artists","","","NZ Electro 2020","2020","5","n","",""
"1694629","","Various Artists","","","OEC 100: The Old Europa Cafe","2008","3","n","",""
"10902412","","Various Artists","","","POSTAL Redux - Official Soundtrack","2018","6","n","",""
"15244335","","Various Artists","","","Rampage 2018","2018","6","n","",""
"782339","","Various Artists","","","Rez: Gamer's Guide to...","2002","5","n","",""
"11655946","","Various Artists","","","Rift One","2020","6","o","",""
"15160246","","Various Artists","","","Sextrance Worldwide Vol. 2","2023","8","n","",""
"1187114","","Various Artists","","","Songs of the Civil War","1991","5","n","",""
"12069217","","Various Artists","","","Stateside Junglism 4","2020","5","o","",""
"9793976","","Various Artists","","","Super Eurobeat Vol. 76 - Non-Stop Mega Mix","1997","6","n","",""
"192875","","Various Artists","","","Tesco Disco Heavy Electronics II","1997","5","n","",""
"338244","","Various Artists","","","The Fire This Time","2002","7","n","",""
"958063","","Various Artists","","","Trust in Trance","1996","7","o","",""
"15967492","","Various Artists","","","under.net Compilation DISC 2.1: EUPHORIA","2024","7","n","",""
"16336634","","Various Artists","","","under.net Compilation DISC 3.3: SHIMMER","2025","8","n","",""
"14965534","","Various Artists","","","Unity Pt. 3","2022","5","n","",""
"6311120","","Varsovia","","","Recursos Inhumanos","2014","5","n","",""
"434155","","Vasilisk","","","Acqua","1989","0","n","",""
"10807739","","Vatican Shadow","","","American Flesh for Violence","2019","5","o","",""
"4138597","","Vatican Shadow","","","Atta's Apartment Slated for Demolition","2012","4","n","",""
"10099126","","Vatican Shadow","","","Berghain 09","2019","5","n","",""
"7442685","","Vatican Shadow","","","Media in the Service of Terror","2016","4","o","",""
"11797854","","Vatican Shadow","","","Persian Pillars of the Gasoline Era","2020","4","o","",""
"3676754","","Vatican Shadow","","","Washington Buries Al Qaeda Leader at Sea - Deck 2","2011","6","n","",""
"4314616","","Vatican Shadow","","","Washington Buries Al Qaeda Leader at Sea: Decks 1-3","2011","7","n","",""
"11755043","","Vatista","","","Transparent Flash Drive","2020","7","o","",""
"895041","","Velcra","","","Hadal","2007","8","o","","MP3"
"18353","","Velvet Acid Christ","","","Calling ov the Dead","1997","7","n","",""
"53605","","Velvet Acid Christ","","","Fate","1994","7","n","",""
"47383","","Velvet Acid Christ","","","Fun With Knives","1999","6","n","",""
"651669","","Velvet Acid Christ","","","Lust for Blood","2006","5","n","",""
"47384","","Velvet Acid Christ","","","Twisted Thought Generator","2000","7","o","","MP3"
"318913","","Vengaboys","","","Boom, Boom, Boom, Boom!!","1999","5","n","",""
"14921330","","venturing","","","Aberdeen Dream Sequence","2022","7","n","",""
"14510265","","venturing","","","Death of Pride (Live in Springfield MO, 1992)","2022","7","n","",""
"53304","Die","Verbannten Kinder Evas","","","Come Heavy Sleep","1997","0","n","",""
"331552","Die","Verbannten Kinder Evas","","","Dusk and Void Became Alive","2006","7","n","",""
"12027630","","vertigoaway","","","DUELING NETWONK","2020","5","n","",""
"358385","","Vex'd","","","Degenerate","2005","7","n","",""
"5364117","","VHS Head","","","Persistence of Vision","2014","0","w","","LP"
"15603649","","Vildhjarta","","","+ kristallfågel +","2023","5","n","",""
"9416746","","Virtual Self","","","Angel Voices","2018","8","o","",""
"9100855","","Virtual Self","","","BBC Radio 1 Annie Mac 5 Minute Minimix","2018","8","n","",""
"8689442","","Virtual Self","","","EON BREAK","2017","6","n","",""
"8729331","","Virtual Self","","","Ghost Voices","2017","8","n","",""
"8754900","","Virtual Self","","","Virtual Self","2017","7","o","",""
"15118250","","Virtual Self &amp; G Jones","","","Second Sky 2022","2023","7","o","",""
"12144627","","Virtuanoise","","","No Rules","2017","4","n","",""
"3517529","Angel","Vivaldi","","","Universal Language","2011","5","n","",""
"40476","","Vladislav Delay","","","Multila","2000","6","n","",""
"16148360","","Vmrrobotic","","","Corrupted Robocalypse","2024","4","n","",""
"67250","","VNV Nation","","","Advance and Follow (V2)","2001","6","n","",""
"3475018","","VNV Nation","","","Automatic","2011","6","n","",""
"15899110","","VNV Nation","","","Construct","2025","0","w","","CD"
"14734647","","VNV Nation","","","Electric Sun","2023","4","n","",""
"1355","","VNV Nation","","","Empires","1999","7","n","",""
"655422","","VNV Nation","","","Futureperfect","2002","7","n","",""
"708396","","VNV Nation","","","Judgement","2007","5","n","",""
"239381","","VNV Nation","","","Matter + Form","2005","4","n","",""
"8949113","","VNV Nation","","","Noire","2018","6","n","",""
"12531","","VNV Nation","","","Praise the Fallen","1998","10","n","",""
"67245","","VNV Nation","","","Solitary EP","1998","7","n","",""
"50279","","VNV Nation","","","Standing / Burning Empires","2000","10","o","",""
"193709","","Void of Silence","","","Human Antithesis","2004","6","n","",""
"15392392","","VØJ &amp; Narvent","","","Memory Reboot","2023","8","n","",""
"15436909","","VØJ &amp; Narvent","","","Memory Reboot","2023","8","n","",""
"13485435","","Volant","","","NEOY2K","2021","7","n","",""
"15667996","","v︖rv︖l","","","*✻h+3+яд✻*7lucjio0t6...","2023","8","n","",""
"11193521","","VVV","","","Escama","2020","7","n","",""
"15543754","","VVV","","","Vaciador","2023","7","o","",""
"15720400","","Vylet Pony","","","Bit of a Monster","2024","6","n","",""
"15528322","","Vylet Pony","","","Pleading With a Hotline Android","2023","7","n","",""
"11968649","","Vylet Pony","","","Super Pony World: Fairytails","2020","4","o","",""
"9383783","Jvcki","Wai","","","Enchanted Propaganda","2018","5","o","",""
"868553","","Walknut","","","Graveforests and Their Shadows","2007","7","o","",""
"1319707","Jack","Wall &amp; Sam Hulick","","","Mass Effect","2007","4","n","",""
"692173","","Walrus","","","光のカケラ","2000","6","n","",""
"12603496","","Wappenbund","","","AUFERSTEHUNG","2020","6","n","",""
"211386","","Wappenbund","","","Kinder des Lichtes","2004","5","n","",""
"192532","","Wappenbund","","","Zeitenwende","2001","7","n","",""
"15344194","","Warlock BBD","","","后目的地 Postdestination","2023","7","n","",""
"11144919","","Waterflame","","","Surge","2017","5","n","",""
"8382531","","Way Out West","","","Tuesday Maybe","2017","6","o","",""
"191078","","Way Out West","","","Way Out West","1997","7","n","",""
"16126503","","Weatherday","","","Hornet Disaster","2025","4","n","",""
"15636819","","Weed420","","","malandreo conceptual","2024","4","o","",""
"15239913","","Weed420","","","RVRT 3","2023","4","o","",""
"10872404","The","Weeknd","","","Blinding Lights","2019","6","n","",""
"16304810","The","Weeknd","","","Open Hearts","2025","7","n","",""
"13837705","The","Weeknd","","","Wanderlust","2013","5","n","",""
"9289055","","Weezer","","","Africa","2018","9","n","",""
"16008279","","Wejoell","","","Tren Twins Anthem","","6","n","",""
"10189442","Kanye","West","","","808s &amp; Heartbreak: Live at Hollywood Bowl","2016","7","n","",""
"3272022","Kanye","West","","","All of the Lights","2011","5","o","",""
"1259740","Kanye","West","","","Flashing Lights","2007","6","n","",""
"13623849","Kanye","West","","","Good Morning","2008","7","n","",""
"494216","Kanye","West","","","Graduation","2007","8","n","",""
"3050748","Kanye","West","","","My Beautiful Dark Twisted Fantasy","2010","8","o","",""
"2329342","Kanye","West","","","Paranoid","2009","8","n","",""
"13623846","Kanye","West","","","Power","2010","6","n","",""
"2937574","Kanye","West","","","Power","2010","5","n","",""
"3139850","Kanye","West","","","Runaway","2010","9","o","",""
"8880442","Kanye","West","","","Say You Will","2015","7","n","",""
"925954","Kanye","West","","","Stronger","2007","6","n","",""
"94103","Kanye","West","","","The College Dropout","2004","5","n","",""
"6269116","Kanye","West","","","The Life of Pablo","2016","5","n","",""
"9922802","","Weyes Blood","","","Andromeda","2019","8","n","",""
"10110013","","Weyes Blood","","","Movies","2019","8","n","",""
"10756049","","Weyes Blood","","","Something to Believe","2019","6","n","",""
"300667","The","Who","","","Eminence Front / One at a Time","1982","5","n","",""
"186","The","Who","","","Quadrophenia","1973","5","n","",""
"6579129","","Widdly 2 Diddly","","","LISA","2014","6","n","",""
"7558344","","Widdly 2 Diddly","","","LISA: The Joyful","2015","6","n","",""
"15163341","","Widdly 2 Diddly","","","Voices","2021","10","n","",""
"13062291","","Wight Garden","","","仙灵虫 收集 ~流星蝴蝶剑~","2021","7","n","",""
"12745441","","Wight Garden","","","仙灵虫 收集 ~爱情塔罗占卜~","2021","6","n","",""
"767735","","Wilco","","","Sky Blue Sky","2007","5","n","",""
"10415117","Jeff","Williams","","","RWBY, Vol. 6","2019","2","n","",""
"11835438","Jeff","Williams","","","RWBY, Vol. 7","2020","4","n","",""
"6041787","Jeff","Williams","","","RWBY: Volume 1","2013","4","n","",""
"6041756","Jeff","Williams","","","RWBY: Volume 2","2014","4","n","",""
"7472089","Jeff","Williams","","","RWBY: Volume 3","2016","3","n","",""
"9222379","Jeff","Williams","","","RWBY: Volume 4","2017","2","n","",""
"9382321","Jeff","Williams","","","RWBY: Volume 5","2018","2","n","",""
"15851587","","Windows 96 / Gavriel","","","Yes Da Da Da","2024","7","n","",""
"6159091","","Windows 98の","","","これは魂のために","2015","5","n","",""
"14235652","","Windowshopping","","","Andromeda","2022","6","n","",""
"4271976","","Within Temptation","","","Apologize","2012","7","n","",""
"16134042","David","Wojciechowski","","","Olympics in Space","2024","7","n","",""
"8359719","Chelsea","Wolfe","","","16 Psyche","2017","5","n","",""
"59906","","Wongraven","","","Fjelltronen","1995","6","n","",""
"10269256","","Woodkid","","","Woodkid for Nicolas Ghesquière - Louis Vuitton Works One","2019","7","n","",""
"9624046","The","Woodleigh Research Facility","","","The Phoenix Suburb (And Other Stories)","2015","6","n","",""
"6814739","","Worakls","","","Flocon de Neige","2014","5","n","",""
"15219157","","World's End Girlfriend","","","Resistance &amp; the Blessing","2023","0","o","","MP3"
"12644757","","Worthikids","","","Wire","2021","4","n","",""
"63349","","Woven","","","8 Bit Monk","2003","6","n","",""
"150644","Link","Wray &amp; His Ray Men","","","Rumble / The Swag","1958","3","n","",""
"139435","Shannon","Wright","","","Over the Sun","2004","6","n","",""
"25285","",":wumpscut:","","","Born Again","1998","8","n","",""
"9476214","","Wu-Wu","","","Cherry Jubilee","2015","5","n","",""
"201084","","Xanopticon","","","Liminal Space","2003","6","n","",""
"10291229","","Xilent","","","We Are Dust","2019","5","n","",""
"47559","","Xiu Xiu","","","A Promise","2003","0","n","",""
"9675839","","Xiu Xiu","","","Girl With Basket of Fruit","2019","6","n","",""
"240266","","Xiu Xiu","","","La forêt","2005","10","n","",""
"13632765","","Xiu Xiu","","","Pox","2006","9","n","",""
"9915251","","Xiu Xiu","","","Pumpkin Attack on Mommy and Daddy","2019","6","n","",""
"7839870","","Xiu Xiu","","","Wondering","2016","5","n","",""
"3970833","","X-Marks the Pedwalk","","","The Sun, the Cold and My Underwater Fear","2012","5","n","",""
"15464041","","Xploshi","","","Rafflesia Online","2023","5","n","",""
"4242515","","XTC","","","XTC EP","1993","6","n","",""
"11678815","","Yabujin","","","。✰302？ionwan2go✰。","2020","9","o","",""
"11519477","","Yabujin","","","Baroque","2020","6","n","",""
"11790451","","Yabujin","","","Chalice of Mind 守卫大门的鲸鱼。","2020","8","n","",""
"13627614","","Yabujin","","","CHALICE OF MIND 守卫大门的鲸鱼。","2020","5","n","",""
"12306425","","Yabujin","","","Flash Casanova","2020","8","n","",""
"11174977","","Yabujin","","","Flash Desire","2019","6","o","",""
"12219689","","Yabujin","","","Garden","2020","8","n","",""
"11514238","","Yabujin","","","Hardstyle Drill 2009 Nokia Angelz مسدسات مجمدة 1.6","2020","6","o","",""
"11723234","","Yabujin","","","Surgeon Dogma","2020","8","o","",""
"11642664","","Yakui the Maid","","","Flock","2020","6","n","",""
"10945461","","Yakui the Maid","","","Goodnight World","2019","7","n","",""
"13593326","","Yakui the Maid","","","Polyneuroparty Pt. 2","2021","6","n","",""
"16232165","","Yakui the Maid","","","Youth","2024","6","n","",""
"244941","Akira","Yamaoka","","","Silent Hill","1999","8","n","",""
"244940","Akira","Yamaoka","","","Silent Hill 3","2003","8","n","",""
"7749307","","Yaporigami","","","Jade Fib","2012","6","n","",""
"6796627","","Yayayi","","","Yayayi","2013","3","n","",""
"162701","","Yazoo","","","Don't Go / Winter Kills","1982","8","n","",""
"2318030","","Yeah Yeah Yeahs","","","Heads Will Roll","2009","4","n","",""
"3511906","","Yeah Yeah Yeahs","","","Heads Will Roll (Remixes)","2009","5","n","",""
"2745115","","Year of No Light","","","Ausserwelt","2010","6","o","","MP3"
"15402489","","Yeat","","","2093","2024","6","n","",""
"51820","","yelworC","","","Brainstorming","1992","5","n","",""
"13769841","","yeule","","","Don't Be So Hard on Your Own Beauty","2021","6","n","",""
"13907728","","yeule","","","Friendly Machine","2021","7","n","",""
"12463090","","yeule","","","Glitch Princess","2022","7","n","",""
"10550160","","yeule","","","Pixel Affection","2019","6","o","",""
"10699388","","yeule","","","Poison Arrow","2019","6","n","",""
"13638722","","yeule","","","Pretty Bones","2019","8","n","",""
"9716861","","yeule","","","Pretty Bones","2018","7","n","",""
"10548741","","yeule","","","Serotonin II","2019","0","n","",""
"16341084","","yeule","","","Skullcrusher","2025","7","n","",""
"15357206","","yeule","","","Softscars","2023","5","n","",""
"13726731","","yeule","","","The Things They Did for Me Out of Love","2021","7","n","",""
"18877","","YMO","","","Technodelic","1981","5","n","",""
"192891","Susumu","Yokota","","","Symbol","2004","0","n","",""
"15387754","","Yosuf","","","You're on My Mind Brœ","2021","8","n","",""
"8914062","","Young Fathers","","","Cocoa Sugar","2018","6","o","",""
"16763","The","Young Gods","","","Second Nature","2000","7","n","",""
"7131","The","Young Gods","","","The Young Gods","1987","0","n","",""
"12730357","","Youth Code &amp; King Yosef","","","A Skeleton Key in the Doors of Depression","2021","6","n","",""
"408361","Christian","Zanési","","","Le paradoxe de la femme-poisson","1998","8","n","",""
"6762389","","Zardonic","","","Antihero","2015","7","n","",""
"15403201","Sam","Zaslow-Braverman","","","An Intrusive Thought","2022","6","n","",""
"4201173","","Zedd","","","Clarity","2012","6","n","",""
"12170630","","Zedd","","","Inside Out","2020","6","n","",""
"9822322","","Zedd","","","Spectrum","2012","5","n","",""
"6308079","","Zedd","","","True Colors","2015","6","n","",""
"8095898","","Zedd &amp; Alessia Cara","","","Stay","2017","6","n","",""
"38916","Hans","Zimmer","","","Black Hawk Down","2002","0","n","",""
"11998185","Hans","Zimmer","","","Dune","2021","7","n","",""
"15692486","Hans","Zimmer","","","Dune: Part Two","2024","8","n","",""
"8266369","Hans","Zimmer","","","Dunkirk","2017","6","n","",""
"15440524","Hans","Zimmer","","","Interstellar (Original Motion Picture Soundtrack)","2014","0","n","",""
"13587190","Hans","Zimmer","","","The Dune Sketchbook","2021","7","n","",""
"39439","Hans","Zimmer","","","The Thin Red Line","1999","0","n","",""
"7890663","Hans","Zimmer &amp; Benjamin Wallfisch","","","Blade Runner 2049","2017","6","n","",""
"1604474","Hans","Zimmer &amp; John Powell","","","Kung Fu Panda","2008","6","n","",""
"15743085","","Zorza","","","Hyperdream","2024","6","n","",""
"16018141","Sergey","Zubarev","","","Beyond the Sight","","6","n","",""
"16108972","Coleman","Zurkowski","","","Arthur King Presents Coleman Zurkowski: ZERO","","6","n","",""
"8850","","µ-Ziq","","","Lunatic Harness","1997","0","n","",""
"14046550","Ιάννης","Ξενάκης","Iannis","Xenakis","Electroacoustic Works","2021","7","n","",""
"6967036","","Батюшка","","Batushka","Литоургиiа","2015","7","o","",""
"3526976","Андриеш","Гандрабур","Andriesh","Gandrabur","Мор. Утопия","2005","8","n","",""
"15322604","","Руся","","Rusya","Ворожка","1989","5","n","",""
"2105297","","Стук бамбука в XI часов","","Stuk bambuka v XI chasov","Лёгкое дело холод","1991","6","n","",""
"7474","","Тату","","","200 по встречной","2001","0","n","",""
"14207316","حماده","هلال","Hamada","Helal","سبونج بوب (Spong Bob)","2016","7","n","",""
"15392288","","गौतम बुद्ध","","Gautam Buddha","पुनर्जन्म भाग २","2023","6","n","",""
"9854207","","かめりあ","","Camellia","Heart of Android","2018","5","o","",""
"5940395","","ききやま / INFINITY∞","","","～ゆめのおと～ YUMENIKKI","2014","5","n","",""
"10807046","","きくお","","Kikuo","きくおミク6","2019","4","n","",""
"8503028","","きくおはな","","Kikuohana","第二幕","2017","7","n","",""
"10337308","","ばぶちゃん","","Babuchan","ばぶらんど (Baburando)","2017","5","n","",""
"825448","","マキシマム ザ ホルモン","","Maximum the Hormone","ぶっ生き返す","2007","4","n","",""
"2869328","","ゆよゆっぺ","","Yuyoyuppe","Solitude Freak","2009","7","n","",""
"15563026","","刘柏辛","Lexie","Liu","Delulu","2023","6","o","",""
"10342720","","古代祐三","Yuzo","Koshiro","Wangan Midnight Maximum Tune 5 Official Soundtrack","2018","6","n","",""
"15592838","","天気予報","","Weather Forecast","Beyond the Veil (Farewell Performance)","2023","7","n","",""
"5348525","","小塚良太","Ryota","Kozuka","真・女神転生 IV","2014","7","n","",""
"14139990","","小塚良太","Ryota","Kozuka","真・女神転生 V","2022","0","n","",""
"15908983","","小塚良太","Ryota","Kozuka","真・女神転生V Vengeance","2024","0","n","",""
"244938","","山岡晃","Akira","Yamaoka","Silent Hill 2","2001","7","n","",""
"16017898","","山岡晃","Akira","Yamaoka","Silent Hill 2 -2024-","2024","7","n","",""
"244943","","山岡晃","Akira","Yamaoka","Silent Hill 4 -The Room-","2004","8","n","",""
"2896889","","岡部啓一, 石濱翔, 帆足圭吾 &amp; 隆文西村","Keiichi","Okabe, Kakeru Ishihama, Keigo Hoashi &amp; Takafumi Nishimura","NieR Gestalt &amp; RepliCant","2010","6","n","",""
"19972","","川井憲次","Kenji","Kawai","Ghost in the Shell","1995","7","o","",""
"303825","","平沢進","Susumu","Hirasawa","Berserk -Forces-","1997","6","n","",""
"303646","","平沢進","Susumu","Hirasawa","剣風伝奇ベルセルク","1997","0","n","",""
"577763","","平沢進","Susumu","Hirasawa","救済の技法","1998","5","n","",""
"5802243","","断片化された友人","","Danpenka Sareta Yuujin","Fragmented Memories","2014","7","n","",""
"9446198","","核P-Model","","Kaku P-Model","回=回","2018","6","n","",""
"88584","","椎名林檎","","Sheena Ringo","勝訴ストリップ","2000","4","n","",""
"65525","","浜崎あゆみ","Ayumi","Hamasaki","LOVEppears","1999","0","n","",""
"8806492","","牛尾憲輔","Kensuke","Ushio","Devilman Crybaby","2018","7","n","",""
"5611899","","牛尾憲輔","Kensuke","Ushio","ピンポン","2014","5","n","",""
"151388","","石川忠","Chu","Ishikawa","Tetsuo","1992","3","n","",""
"7006706","","石渡太輔 / 滝澤俊輔 / 佐藤ノリチカ","Daisuke","Ishiwatari / Shunsuke Takizawa / Norichika Sato","Guilty Gear Xrd -SIGN-","2015","7","n","",""
"907284","","神保伸太郎 / 磯江俊道","Syntaro","Jimbo / Toshimichi Isoe","沙耶の唄","2004","7","n","",""
"3181278","","神聖かまってちゃん","","Shinsei Kamattechan","つまんね","2010","5","n","",""
"14252077","","秋","","Autumn","先物","2022","7","n","",""
"517718","","竹本晃","Akira","Takemoto","Serial Experiments Lain Bootleg","1999","0","n","",""
"280313","","芸能山城組","","Geinoh Yamashirogumi","輪廻交響楽","1986","4","n","",""
"541761","","菅野よう子","Yoko","Kanno","Ghost in the Shell: Stand Alone Complex O.S.T. 2","2004","7","n","",""
"194513","","菅野よう子","Yoko","Kanno","Wolf's Rain","2003","6","o","",""
"385476","","菅野よう子","Yoko","Kanno","攻殻機動隊 Stand Alone Complex 3","2005","8","n","",""
"1370272","","菅野よう子","Yoko","Kanno","攻殻機動隊: Stand Alone Complex O.S.T.","2003","6","o","",""
"6819437","","虚拟梦想广场","","","一见钟情","2015","7","n","",""
"7183452","","虚拟梦想广场","","","无限渴望","2016","6","n","",""
"8928591","","輕描淡寫","","Understatement","小圈子","2018","7","o","",""
"12348812","","輕描淡寫 x Kuroi Ame","","","眼泪含泪","2020","6","o","",""
"346653","","電気グルーヴ","","Denki Groove","A","1997","5","n","",""
"4762469","","高田雅史","Masafumi","Takada","Super Danganronpa 2","2012","8","n","",""
